date,Alabama,Alaska,Arizona,Arkansas,California,Colorado,Connecticut,Delaware,District of Columbia,Florida,Georgia,Hawaii,Idaho,Illinois,Indiana,Iowa,Kansas,Kentucky,Louisiana,Maine,Maryland,Massachusetts,Michigan,Minnesota,Mississippi,Missouri,Montana,Nebraska,Nevada,New Hampshire,New Jersey,New Mexico,New York,North Carolina,North Dakota,Ohio,Oklahoma,Oregon,Pennsylvania,Rhode Island,South Carolina,South Dakota,Tennessee,Texas,Utah,Vermont,Virginia,Washington,West Virginia,Wisconsin,Wyoming

19780101,7.1,12.9,7.2,7.1,8.2,7.2,6.4,8.4,8.9,7.5,5.8,7.5,7.2,7.1,6.2,4.8,3.8,6.1,8.5,8.3,6,7.5,7.9,5.4,7.3,6.3,7.9,4.6,6.3,5.3,8.3,6.6,8.9,5.9,5.7,6.4,4.7,6.8,8.2,8.6,6.4,4,6.3,5.7,5.1,7.3,6,8.4,8.1,5.8,4.1

19780201,6.9,12.6,7,7.2,8.1,6.5,6,8.7,8.8,6.8,5.6,7.1,6.8,6.8,6.4,4.7,4,6.3,7.7,8.1,6.2,7.2,7.7,4.9,6.8,6.7,7.7,4.5,5.2,5.2,8.2,6,8.7,5.1,5.5,6.3,5.6,7,8.2,8.6,6.1,3.7,6,5.2,5.4,6.9,6,8.4,8.4,6.1,3.8

19780301,6.2,12.5,6.2,6.4,8,6.9,5.5,8.1,8.6,6.5,5.5,7,6.6,6.5,6.4,4.6,3.7,5.6,7.5,7.6,6.1,6.9,7.5,4.6,6.8,5.9,7.7,4.3,4.3,4.9,7.8,5.7,8.3,4.5,5.3,6.3,4.4,6.8,7.8,7.8,5.5,3.8,6.2,4.9,4.6,6.4,5.8,7.8,8.1,5.8,3.5

19780401,5.4,11.7,5.5,5.5,7.3,5.7,4.9,7.3,8,6,4.9,6.6,5.6,5.8,5.5,3.9,3,4.4,6.6,6.6,5,6,6.7,4,6.6,4.8,6.2,3.2,3.8,3.9,7,5.2,7.6,3.9,4.4,5.2,3.3,5.9,6.6,6.3,5.2,3,5.4,4.1,3.7,6,4.9,6.4,5.5,5,2.8

19780501,5.1,11.2,5.2,5.6,6.6,5.1,4.8,6.7,8.3,6,5.1,6.8,4.3,5.7,5.3,3.4,2.6,4.6,6.5,6.1,5,5.9,6.3,3.1,6.7,4,5.2,2.7,3.4,3.6,7,5.4,7.5,4.2,3.6,4.8,3.4,5.3,6.2,5.9,5.2,2.7,5,4.2,3,5.3,5,6.4,5,4.5,2.7

19780601,6.9,10.9,6.6,6.4,7.2,6.2,5.2,7.6,8.8,6.9,6.5,8,4.6,6.2,5.6,3.8,3.4,5.2,8.1,5.8,5.5,6.4,7,4.1,8.9,4.9,5.8,3.2,4.6,3.8,7.4,6.9,7.5,4.9,4.5,5.5,3.6,5.7,6.8,6.1,6.7,3.3,6.2,5.5,4,5.4,5.5,6.5,5.4,5.3,3

19780701,6.7,9.2,6.6,6.8,7.7,5.4,5.4,7.5,8.6,7.3,6.7,7.4,4.6,6.2,5.6,3.5,3.1,5.5,7.2,5.8,5.6,6.5,7.7,3.7,7.8,4.9,4.9,3,4.8,3.8,7.8,6.4,7.9,5,3.8,5.5,3,5.8,6.9,5.8,6.4,2.9,6.3,5.4,3.3,5,5.3,6.3,5.3,5.1,2.6

19780801,6.7,8.6,6,6,6.9,4.9,5.1,7.5,8.1,6.8,6.1,7.1,5.1,5.8,5.3,3.4,3.1,5,6.6,5.4,5.2,5.9,7.2,3.3,7.3,4.9,4.8,2.6,4,3.5,6.8,5.9,7.5,4.1,3.7,5,2.7,5.6,6.5,5.9,5.8,3,5.9,4.9,3.6,5,5.1,6.5,5.7,4.8,2.5

19780901,6.5,9.1,6.1,5.8,6.6,5,5,7.2,8,7.3,6,7.5,4.7,5.6,5.2,3.3,2.6,5,6.3,5.5,5.2,6,6.4,3.5,7.1,4.4,4.4,2.4,4.5,3.3,7,5.9,7.7,3.8,3.2,5.3,2.9,5.6,6.6,6.2,5.7,2.4,6,4.9,3.1,5.1,5.3,6.3,6,4.3,2.6

19781001,6.3,9.4,5.9,5.4,6.3,4.4,4.7,6.9,7.6,6.8,5.5,7.1,4.6,5.3,5,3.2,2.7,4.6,5.6,5.5,5.3,5.2,6,3,6,3.7,4.4,2.3,4,2.8,6.5,5.7,7.2,3.8,3.1,4.9,3.1,5.7,6.5,6.1,5.3,2.2,5.5,4.3,3.3,4.7,4.7,5.8,5.3,4.1,2.6

19781101,6.3,10,5.1,5.6,6.6,4.6,4.9,6.4,7.7,6.6,5.4,6.8,5.4,5.2,5.2,3.5,2.7,4.7,5.5,6.1,5.4,5.5,6.6,3.2,5.9,4.1,4.8,2.2,4.1,3,6.5,5.8,7.2,4.3,3.8,5.1,3.3,6.2,6.5,5.7,5.1,2.8,5.4,4.6,3.3,5.4,4.9,6.4,5.7,4.4,2.9

19781201,6.5,10.1,5.1,6.3,6.4,4.7,4.9,6.5,7.6,6.2,5.4,6,6.1,5.5,5.4,4.3,2.8,4.9,5.5,6.4,5.6,5.7,6.9,3.9,6,4.3,5.2,2.8,4.5,2.8,6.8,5.7,7.1,4.3,4.5,5.3,3.5,6.3,6.5,5.7,5.3,3.2,5.5,4.2,3.3,5,5,7.1,6.1,5,3.1
19790101,6.7,11.1,6.2,7.8,7.1,5.6,6,8.1,8.2,6.7,5.7,6.6,7.9,5.9,5.9,4.9,3.4,6,6.5,7.6,6.3,6.7,7.6,4.8,6,4.7,6.8,3.4,6,4,7.5,6.8,7.7,5,5.2,6.5,4,8.5,7.5,7.6,5.7,4.4,6.2,4.6,4.4,6.5,5.7,8,7.5,5.4,3.8

19790201,7.5,11.5,5.4,7.4,7,5.5,5.9,8.2,8.1,6.1,5.7,6.1,7.8,6.2,6.4,4.8,3.5,6.3,5.8,8.1,6.6,6.4,7.8,4.5,5.7,5.3,6.2,3.4,5.3,4.1,7.7,6.6,7.8,5.3,5.4,6.5,4.3,8.3,7.7,7.5,5.6,4.1,6,4.5,5,6.1,5.7,8.6,7.9,5.5,3.2

19790301,6.9,10.8,5.4,6.5,6.7,5.5,5.4,7.9,7.8,5.8,5.3,5.9,7.4,5.7,6.2,4.6,3.3,5.7,5.9,7.9,6.1,6.2,8,4.6,5.3,4.7,6.2,3.1,4.8,3.9,7.6,6.3,7.4,5,5.2,6,3.5,8,7.2,6.9,4.9,4.2,5.5,4.1,4.1,5.7,5.2,7.6,7.1,5.4,3.2

19790401,6.6,9.9,4.5,6,6.2,4.5,5.1,7.2,7,5.4,4.8,6.2,6.4,5.2,5.6,4.3,3,5,5.6,7.2,5.5,5.4,7.5,4.3,5.1,4,5.4,2.9,4.6,3,6.6,5.6,6.8,4.4,4.7,5.5,2.8,7.1,6.5,6.1,4.6,3.6,5.4,3.8,4,5.6,4.5,6.6,6.6,4.9,2.7

19790501,6.4,9.2,3.9,5.8,5.4,4.4,5,6.5,7,5.3,4.4,6.2,4.8,4.7,5.6,3.7,2.7,4.9,5.9,6.8,5.4,5.2,6.8,3.5,4.9,3.8,4.4,2.8,4.3,2.6,6.6,5.7,6.6,4.4,3.9,5.1,3.2,6.2,6,5.7,4.2,3.2,5.4,3.9,3.5,4.8,4.5,6.2,6.3,4.2,2.2

19790601,8.4,9.4,5.7,6.6,6.1,5.1,5.3,7.3,7.4,6.2,5.8,7.2,4.7,5.7,6.3,4.2,3.6,5.8,7.9,6.4,5.9,5.7,7.5,4.4,7.4,4.9,5.1,3.3,5.7,3,7,7.3,7,5.1,4.1,6,3.7,6.4,7,6,5.3,3.2,6.8,5.1,4.8,4.7,5,6.3,6.9,4.9,2.6

19790701,7.7,7.8,5.3,6.6,6.4,4.5,5.2,7.1,7,6.4,5.3,6.3,4.7,5.2,6.4,3.8,3.4,5.6,7.3,6.4,5.7,5.4,7.8,3.8,5.8,4.5,4.6,3.3,5.5,3,7.1,6.9,7.2,4.8,3.3,5.9,3.1,6.3,6.8,6.3,4.5,2.7,6.1,4.9,4.2,4.6,4.5,5.8,6.6,4.5,2.2

19790801,7.8,7.3,5.3,6.1,6.3,4.4,4.9,7.1,6.5,6.3,5.3,5.8,5,5.2,7,3.9,3.5,5.7,7.5,5.8,6,5.3,8.5,4.1,6.1,5.6,4.5,2.9,4.8,3.1,7.1,6.4,7.3,4.7,3.3,6,3.2,6.4,6.7,6,5.3,2.9,6.2,4.7,4.7,4.8,4.7,6.2,6.6,4.1,2.2

19790901,7.1,7.9,5.1,5.6,5.9,4.4,4.8,7.1,6.5,6.3,4.8,5.8,4.8,5.1,6.7,3.9,3.1,5.3,7,6,5.6,5.4,7.6,4.2,6.2,4.9,4.3,2.9,4.9,2.9,6.8,6.3,7.2,4.4,2.9,5.7,3.1,5.6,6.7,6.1,5.1,2.9,5.7,4.3,4.1,4.8,4.5,6,6.5,3.8,2.3

19791001,7.2,8.4,5,5.2,5.9,4.3,4.7,7,6.4,6.1,5.2,5.8,4.6,5.6,6.9,3.7,3.1,5.3,6.6,6.2,5.6,4.7,7.7,3.8,5.6,4.6,4.5,2.8,4.6,2.8,6.5,6.2,7.1,4.6,2.7,5.7,3.3,5.6,6.8,6.3,5.2,2.6,5.5,4,4.3,4.4,4.4,5.7,6.8,3.7,2.4

19791101,6.9,9.2,4.4,5.3,6,4.4,4.8,6.6,6.4,5.5,4.3,6.3,5.5,5.7,6.9,4,2.9,5.3,6.5,6.6,5.5,4.8,8,4,5.6,5.1,4.9,2.7,4.4,3.1,6.4,6.2,7,4.7,3.6,5.6,3.2,5.8,6.7,6.1,4.9,3.2,5.7,4.1,4.3,5.2,4.2,6.2,7.2,4.2,2.7

19791201,6.7,9.3,4.6,5.8,5.8,4.5,4.6,6.5,6,5,4.7,4.8,6.3,6,7.7,4.7,3,5.4,6.3,6.7,5.3,4.9,8.6,4.7,5.3,5.5,5.3,3,4.4,3,6.2,6.3,6.9,4.6,4,5.7,3.3,6.1,6.6,6.4,4.9,3.5,5.5,3.7,4.4,4.8,4.2,6.7,7.4,4.2,3.3

19800101,7.7,10.2,6.3,7.1,6.8,5.4,5.9,8,6.7,5.9,5.6,5,8.4,7.2,8.8,5.5,4,6.9,7.6,8.3,6.5,6.1,10.7,6.3,6.7,6.7,6.9,3.9,6.1,4.3,7.1,7.3,8,5.6,5.2,7.2,3.9,8.2,8.1,8.1,6,4.6,6.9,5,5.8,6.4,5.1,8.6,8.9,6,4.4

19800201,7.8,10.9,6,7.3,6.7,5.3,5.7,7.7,6.7,5.2,5.5,4.6,8.3,7.3,9.1,5.5,4.2,7.8,6.7,8.2,6.4,5.8,11.1,6,6.3,7.2,6.8,3.8,5.6,4.4,7,6.9,7.8,6,5.2,7,3.8,7.8,8,8.2,6.1,4.6,6.8,4.9,6.4,6.4,5,8.5,9.4,6.5,4.3

19800301,7.4,10.8,6.4,6.6,6.5,5.5,5.2,7.3,6.6,5,5.5,4.6,8.5,7.3,9.3,5.5,4.1,7.2,6.4,7.9,6.3,5.8,11.4,5.9,6.2,6.7,6.9,3.7,5.4,4.5,6.8,7,7.3,5.7,5.4,6.8,3.4,7.9,7.7,7.7,5.3,5,6.5,4.7,5.9,6.3,4.8,7.9,9.4,6.7,4.3

19800401,7.4,10.6,6.1,6.8,6.5,5.3,5.2,7.2,6.2,5.3,6,4.5,8.1,7.3,9.5,5.6,4.3,7.1,6.2,8.1,6.2,5.3,12.1,6.1,6.4,6.1,6.4,3.7,5.4,4.3,6.6,6.7,7.2,5.9,5,7.5,3,8.8,7.4,6.8,5.5,4.7,6.7,4.7,5.6,6.3,4.8,7.7,9.5,7,3.6

19800501,8.4,9.6,6.4,7.5,6.5,5.5,5.6,6.8,6.8,5.7,6.7,4.7,7.3,7.9,10.1,5.9,4.3,7.6,6.6,7.6,6.5,5.6,13.4,5.2,7.2,7.1,5.4,3.9,5.4,4.4,7.3,7.2,7.5,6.6,4.4,8.4,3.8,9.1,7.8,6.6,6,4.8,7.1,5.1,5.4,6,5.3,7.9,9,7.1,3.5

19800601,9.7,10.2,7.9,8.3,7.1,6.6,6.1,8.1,7.6,6.5,8.1,5.8,7.6,8.9,11.1,6.7,5.2,8.6,7.7,7.5,7.2,6.1,13.7,6.3,9.4,7.9,6.1,4.5,6.9,4.9,7.5,8.8,7.6,7.4,5.5,9.6,5.5,9.4,8.8,7,8.1,5,8.2,6.2,6.7,6.3,6,8.3,9.6,7.5,3.7

19800701,10.4,8.8,7.8,8.7,7.6,6.2,6.4,8.1,7.6,6.7,7.9,5.2,7.3,9,10.7,6.4,5,8.3,6.9,7.4,7,6.1,14.2,6,8.1,7.7,5.9,4.4,6.9,5,8.1,8.3,7.8,7.8,5.1,9.8,5.4,9.3,9,7,7.9,4.8,8.1,5.9,6.4,6.5,5.8,8.1,9.7,7.1,3.5

19800801,10.3,8.2,7.7,8,7.2,6,6.2,8.2,7.6,6.7,7,5,7.3,8.8,10.4,6.8,5,8.3,6.8,7,6.7,5.7,13.1,5.8,8,8.1,5.7,4.1,6.6,4.9,7.6,7.8,7.4,7,5,9.3,5.3,8.6,8.4,7.2,7.6,4.9,8.1,5.5,6.8,6.4,5.5,8,9.9,8,3.4

19800901,9.3,8.5,7,7.4,6.8,6.1,5.9,8,8.1,6.9,6.3,5.7,6.7,8.2,9.3,6.3,4.4,8.4,6.6,7.1,6.5,5.6,12.4,5.7,7.9,7.2,5.4,3.8,6.6,4.6,7,8,7.3,6.2,4.5,8.8,5.1,7.8,8,7.3,7.2,4.6,7.3,5,6.2,6.3,5.1,7.5,9.3,7.6,3.3

19801001,9.6,8.8,6.8,7.2,6.8,5.9,5.8,7.7,8.1,6.7,6.3,5.3,6.4,8.7,9.1,5.9,4.4,8.5,6.9,7,6.6,5.2,12,5.2,7.7,7.1,5.6,3.7,6.1,4.2,7.1,7.8,7.3,6.4,4.1,8.7,5.1,7.9,7.9,7.1,7.4,4.4,7.8,5,6.5,5.8,4.9,7.6,9.4,7.7,3.7

19801101,9.4,9.3,5.9,7.5,7,5.9,5.9,7.1,8.4,6.4,5.6,5.2,7.1,8.6,9.2,5.9,4.3,8.5,6.8,7.5,6.6,5.2,12.1,5.2,7.7,7.3,5.9,3.7,6,4.4,7.2,7.7,7.3,6.4,4.6,8.6,4.6,8.3,7.7,6.9,7,4.9,7.8,5.1,6.4,6.3,4.9,8.3,9.6,7.6,4.1

19801201,9,9.6,5.4,8,6.5,5.8,5.7,7,8.1,5.8,5.1,4.7,7.4,8.5,9.1,6.2,4.2,8.1,7,7.7,6.3,5.1,11.7,5.6,7.4,7.3,6.4,4,6.9,4.4,6.9,7.3,7.2,5.7,5.2,8.5,4.1,8.6,7.4,6.9,6.8,5.2,7.8,4.6,6.1,5.5,4.7,8.8,9.8,7.7,4.3

19810101,10,11,6.7,9.3,7.9,7,6.7,8.5,8.8,6.8,6.1,5.3,9,9.5,10.3,7.2,4.9,9.5,8.7,9.1,7.4,6.7,13.5,6.9,8.6,8.6,7.6,4.8,8.3,5.7,8.5,8.1,8.5,7,6.2,10.3,4.5,10.2,8.7,8.3,7.8,6.4,9.5,5.7,7.3,6.8,6,9.8,11.5,8.8,5.4

19810201,10.3,11,5.9,9.4,7.7,6.8,6.7,8.7,8.7,6,6.8,4.9,8.6,9.3,10.3,7,4.8,9.3,7.7,8.8,7.3,6.4,13.3,6.5,8.3,8.7,7.7,4.6,7.7,5.8,8.2,7.6,8.5,7.2,6.2,9.8,4,10.8,8.7,8.4,7.9,6,9.5,5.3,7.4,6.6,6.2,10,11.5,9.2,5

19810301,9.5,10.3,5.8,8.8,7.5,6.5,6.1,8.1,8.7,6.1,6.2,4.9,8.5,8.8,10,6.7,4.5,8.6,7.8,8.5,7,6.3,13,6.5,8.2,7.8,7.4,4.3,7.2,5.7,8.1,7.6,8.1,6.7,6.1,9.2,3.3,10.4,8.4,8.2,7.5,5.9,8.9,5,6.9,6.4,6,9.6,11,9.3,5.2

19810401,9.1,9.1,5.3,8.2,6.9,5.6,5.9,7.4,8.1,5.6,5.6,5,7.7,8.1,9.3,6.1,4.1,7.9,7.6,7.6,6.5,5.7,11.7,5.6,7.4,7.1,6.6,3.9,6.6,4.7,7.3,6.8,7.3,5.7,4.9,8.3,2.8,9.6,7.7,7.2,6.7,4.9,7.9,4.6,6.2,6.1,5.3,8.8,12.4,7.7,4.5

19810501,9.4,8.8,5.2,8.4,6.6,5.4,6.1,7,8.7,6,6,5.2,6.4,8.2,9.5,5.9,3.9,8.4,8,7.2,6.8,5.9,11.5,5,8,6.9,6.1,3.9,6.2,4.7,7.4,6.9,7.5,6,4.4,8.5,3.3,8.9,7.9,6.9,7.2,4.7,8.2,5.1,5.9,5.6,5.8,9,12.2,7.5,3.9

19810601,11.1,9.5,6.5,9.3,7.1,6.3,6.6,7.8,9.4,6.9,7,6.2,7,8.7,9.6,6.5,4.5,8.5,9.6,7.1,7.5,6.5,11.9,6,10,7.4,6.8,4.3,7,5,7.4,8.3,7.6,6.5,5.2,9.1,3.7,9.5,8.6,7.2,8.4,4.8,9.2,6.2,6.8,5.6,6.3,9.2,10.8,8.2,4

19810701,10.4,8.3,6.4,9.1,7.3,5.3,6.2,7.7,9.3,6.8,6.3,5.6,6.9,8.1,9.2,5.9,4,8,8.8,6.3,7,6.7,11.9,4.9,8.8,6.6,6.1,4.2,7,4.7,7.5,7.7,7.4,5.6,4.4,8.8,3.1,8.9,8,7.3,7.7,4.3,8.3,5.6,6.3,5.3,5.6,8.8,9.4,7.4,3.4

19810801,10.9,8,6.6,8.5,7.1,4.9,6,7.9,9,6.7,5.9,5.3,7,8.1,9.2,6.3,4.1,7.9,8.7,5.9,7.1,6.5,11.6,5,8.7,7.2,6.2,3.9,6.6,5,6.9,7,7,5.2,4.3,8.8,3.1,9.2,7.8,7.4,8.1,4.5,8.3,5.4,6.6,5.3,5.8,9.2,9.4,7.2,3.3

19810901,10.8,8.4,6.5,8.2,7.2,5.1,5.7,7.8,9.1,7.3,6.3,5.7,7,8.1,9.2,6.4,3.9,7.8,8.2,6.4,7.3,6.8,11.7,5.4,8.9,7.4,6.2,3.9,7.1,4.9,6.7,6.9,7,5,3.8,9.2,3.5,8.8,8.2,7.9,8.4,4.4,8.7,5.2,6.1,5.4,6,9,9.4,6.9,3.1

19811001,11.7,8.8,6.6,8.1,7.5,5.1,5.8,7.8,8.9,7.3,6.8,5.7,7.2,8.2,9.9,6.4,4.3,8.2,8.2,6.5,7.5,6.4,11.9,5.4,8.4,7.5,6.6,4,7,4.9,6.6,6.9,7.1,7.1,3.6,9.7,3.8,9.6,8.6,8,8.7,4.1,9.2,5,6.5,5.1,6.1,9.4,9.3,7.6,3.2

19811101,11.5,9.5,6.3,8.5,8,5.4,6.1,7.7,9,7.4,6.6,5.8,8.5,8.4,10.5,6.8,4.2,9.6,8.5,7.5,7.9,6.7,12.9,5.9,8.3,8,7.2,4.3,7.4,5.4,7.2,6.9,7.4,8,4.1,10.4,4,10.3,8.8,8,9.3,4.8,9.6,5.3,6.4,5.9,6.3,10.6,9.7,7.9,3.8

19811201,11.8,9.9,7,9.2,8.2,5.7,6.2,7.8,9.2,7.2,6.9,5.3,9.3,8.9,11.5,7.7,4.5,9.8,8.9,7.6,7.9,7,14.2,6.5,8.4,8.6,7.7,4.7,8.2,5.5,7.6,6.8,7.8,8.1,4.9,11.1,4.4,11.3,9.2,8.5,9.8,4.8,10.2,5.1,6.4,5.6,6.7,11.3,10.2,8.4,3.9

19820101,13.2,11.4,8.4,11,9.4,6.9,7.1,9.6,9.8,7.6,8,6.1,11.7,10,12.4,9.1,5.4,10.4,10.3,9.1,8.9,8.4,15.4,7.5,9.9,9.3,9.1,5.8,9.6,7,9.3,8.1,8.7,9,6.1,12.2,5.1,12.5,10.6,10,10.5,5.9,11.3,6,7.8,7.4,7.5,12.6,11.9,9.7,5.3

19820201,13.2,11.6,8,10.7,9.6,7,7.2,9.5,10.3,7.6,7.6,6.1,11.7,10.4,12.5,8.8,5.5,11.1,9.6,9.5,9,8.2,15.6,7.5,10.3,9.8,9.5,5.8,9.3,7.4,9.6,8,8.5,9.3,6,12.6,5.2,12.9,11.1,10.3,10.7,5.7,11.9,6,8.5,7.5,7.9,13,12.4,10.4,5.1

19820301,12.9,11.1,8.8,10.1,9.6,7.2,6.8,8.8,10.3,7.6,7.4,6.2,11.3,10.4,12.5,9,5.7,10.5,9.6,9.5,8.6,8,15.6,7.8,10,9.1,9.7,5.8,9.3,7.3,9.2,8.3,8.5,9.1,6.1,12.5,4.8,12.9,10.8,10.3,10.2,5.9,11.7,5.9,7.8,7.5,7.6,12.5,12.3,10.8,5.3

19820401,12.6,10.3,8.7,9.6,9.5,6.6,6.6,8.3,9.8,7.7,7.2,6.2,10.6,10.5,11.8,8.7,5.6,10.6,9.4,8.9,8.2,7.5,15.1,7.5,10.3,8.3,8.7,5.4,9.5,7,8.6,8.2,8.1,8.5,5.7,12.1,4.5,11.9,10.3,9.7,10.3,5.5,11.1,5.9,7.5,8,7,11.6,12.3,10.8,5.7

19820501,12.8,9.9,9.1,9.6,9.1,6.5,6.7,7.9,10.3,7.7,7.3,6.3,9.2,10.5,11.4,8,5.7,10.4,9.8,8.3,8.2,7.5,14.5,7,10.7,8.2,8,5.6,9.1,6.7,8.5,8.9,8,8.8,5.2,11.8,5,11,10.3,9.3,10.8,5,10.8,6.2,7.2,6.9,7,11.7,12.4,10.2,5.6

19820601,14.5,10.1,10.9,10.1,9.8,7.6,7.3,8.8,11.1,8.6,8.2,7.3,9.1,11.7,11.6,8.6,6.7,11,11.3,8,8.5,8,14.9,8,12.6,9.1,8.7,6,10,6.8,8.5,10.5,8.2,9.4,5.7,12.4,5.7,11.2,11,9.4,11.7,5.4,11.9,7.4,8.1,6.7,7.5,11.9,13.4,10.7,5.7

19820701,14.7,8.7,11.1,10.2,10.4,7.2,7.1,8.4,10.8,8.8,8,6.7,8.7,11.9,11.5,8.1,6.6,10.9,10.6,8.4,8.1,8,15.3,7.9,11.8,8.9,7.8,5.8,10.2,6.8,8.9,10.3,8.5,9.6,5.2,12.6,6,10.6,11.1,9.3,11.3,4.9,11.6,7.4,8.1,6.7,7.2,11.5,13.5,10.4,6.1

19820801,14.8,8.2,11.2,9.7,10,7.1,6.6,8.4,10.4,8.6,7.2,6.3,9,11.7,11.4,8.1,7.1,10.3,10.5,7.1,8,7.6,14.7,8,11.7,9,7.8,5.3,9.9,6.7,8.1,9.8,8.2,8.9,5.2,12.4,5.9,10.8,11,9.5,11.6,5.2,11.4,7.2,8.7,6.6,7.2,11.5,13.9,10.4,6.3

19820901,14.7,8.6,11.4,9.2,10,7.6,6.6,8.1,10.6,9.1,7.8,6.5,8.6,11.8,11.4,8.1,6.8,10.4,10.4,7.3,7.9,7.6,14.8,8.2,11.6,9.2,7.6,5.3,10.2,6.5,8.2,9.7,8.3,8.8,4.8,12.8,6.6,10.5,11.3,9.7,11.2,5.4,11.4,7.3,8.2,6.5,7.3,11.2,14.4,10.1,6.1

19821001,15.1,9.1,11.3,9.1,10.3,7.8,6.6,7.8,10.6,9.2,8.1,6,9.1,12,11.9,8.1,6.7,10.6,10.4,7.6,8,7.1,15.6,8,11.1,9.2,7.9,5.4,10.2,6.3,8.3,9.6,8.6,9.4,5,13,7.3,10.7,11.7,9.7,11.3,5.3,11.8,7.4,8.5,6.2,7.4,11.4,16.1,10.2,7

19821101,15.4,10,10.9,9.5,10.8,8.2,6.8,7.5,10.7,9.4,8.4,6,10,12.5,12.7,8.4,6.7,11.3,10.6,8.5,8.1,7.3,16.4,8.5,11.1,10.1,8.5,5.5,10.4,6.6,8.9,9.6,9,10,5.5,13.8,7.7,11.7,12.2,9.5,11.5,5.7,12.6,7.9,8.9,7.1,7.6,12.2,17.2,10.8,7.7

19821201,15.3,10.3,11.2,10.2,10.8,8.3,6.7,7.4,10.6,9.1,8.6,5.9,10.4,13,12.7,9.1,6.7,11.9,10.9,8.4,7.9,7.4,16.7,8.9,11.3,10.7,8.9,6,10.8,6.4,8.8,9.6,9.1,9.6,6.1,14.2,8.2,11.8,12.4,9.7,12,5.8,13.2,7.9,9,6.7,8,12.4,18,11.7,8.5

19830101,16,11.9,11.8,11.5,11.6,9.2,7.8,8.7,11.4,9.7,8.8,6.3,12.1,13.7,13.4,10.3,7.4,12.9,12.4,9.9,8.5,8.3,17.3,9.9,12.9,11.1,10.1,7.4,11.9,7.5,9.8,11,10,10.6,7.3,15,8.9,13.3,13.6,11.1,12.6,6.9,13.8,8.8,10.2,8.4,8.5,13.2,19.9,13,10.1

19830201,16,12.1,11.1,11.4,11.6,8.9,7.5,8.7,11.4,9.4,8.7,6.4,11.5,13.9,13.3,9.9,7.1,13.2,12,10.3,8.4,8,16.7,9.7,13.1,11.5,10.1,7.2,11.4,7.5,9.7,10.9,10,10.8,7.4,14.7,9.4,13,13.6,10.7,12.2,6.6,13.6,8.7,10.5,8.3,8.2,13.1,20.4,13.2,10

19830301,14.5,11.4,10.3,10.6,11.1,8.9,6.9,8.4,11.3,9,8.1,6.4,11.3,13.3,12.7,9.6,6.8,12.5,12,9.9,7.9,7.7,16.3,9.6,12.8,11.1,10,6.7,10.9,7,9.3,10.7,9.6,10.1,7.4,14.1,9,12.3,13.1,9.9,11.2,6.5,12.7,8.4,10.1,7.8,7.6,12.5,19.8,12.8,10.5

19830401,13.7,10.4,9.4,9.9,10.4,8.1,6.4,7.9,10.8,8.5,7.6,6.3,9.8,12.7,11.5,9,6.1,11.5,11.7,9.2,7.2,6.9,15.3,8.6,12.4,10.4,8.9,6.1,10,6,8.3,9.8,8.9,9.4,6.5,13.1,8.2,11.2,12.2,8.7,10.3,5.8,12,8,9.5,7.4,6.6,11.3,18.8,11.2,10.6

19830501,13.3,9.9,9.2,9.9,9.7,7.5,6.1,7.5,11.2,8.6,7.7,6.2,8.1,12.3,11.2,8.1,5.7,11.7,12,8.8,7.1,6.8,14.9,7.8,12.6,10.1,8.3,5.6,9.5,5.5,8.2,9.8,8.9,9.4,5.4,12.7,8.9,10.4,11.9,8.2,10,5.3,11.6,8,9.1,6.8,6.5,11.1,18.2,10.2,9

19831101,12.1,9.7,5.9,8.5,8.5,5.3,4.9,6.5,10.9,7.4,6.5,5.9,7.8,9.6,10,6.7,5,9.9,9.9,7.2,5.9,5.6,12,6.6,10,8.5,8,4.3,7.9,4.4,6.6,8.1,7.5,7.6,4.6,10.4,7.5,9.7,9.7,6.5,8.1,4.4,9.8,6.8,7.1,5.5,5.1,10.2,16,8.2,6.3

19831201,11.8,10.1,5.4,9.1,8.2,5.5,4.7,6.3,10.6,6.8,6.4,5.3,8,9.8,9.8,7.2,4.9,9.7,9.7,7.3,5.7,5.6,12.1,7.1,9.8,8.6,8.3,4.9,8,4.2,6.6,7.7,7.4,7.1,5.2,10.3,7.4,10,9.6,6.2,8,4.6,9.7,6.5,6.9,5.2,5,10.2,16,8.3,6.7

19840101,12.5,11.7,6.1,10.2,8.9,6.4,5.6,7.3,10.9,7.1,6.7,5.6,9.3,10.5,10.6,8.1,5.7,10.7,10.6,8.1,6.1,6.5,12.7,8,11,9.1,9.3,5.8,9,5.1,7.4,8.5,8.2,7.5,6.2,11.1,8,11.5,10.6,7.9,8.4,5.3,10.3,7.1,7.7,6.7,5.7,11.5,16.9,9,7.8

19840201,12.4,11.8,5.3,9.7,8.7,6,5.4,7.1,10.4,6.5,6.4,5.5,8.7,10.3,10,7.9,5.4,10.7,9.6,8.1,5.8,6,12.4,7.7,10.7,9.2,8.8,5.4,8.4,5,7.2,8,8,7.2,6.1,10.6,7.5,10.8,10.3,7.5,7.6,5,9.6,6.6,7.8,6.5,5.5,11.2,16.6,9.2,7.2

19840301,11.4,11.3,5.1,9.1,8.4,5.9,4.8,6.6,9.9,6.2,6.1,5.6,8.5,9.9,9.8,7.6,5.3,10.3,9.5,7.6,5.4,5.7,12.3,7.5,10.5,8.4,8.9,5,7.9,4.7,7,7.8,7.6,6.7,6.1,10.5,7.1,10.5,9.9,6.8,6.7,5,9.3,6.3,7.2,6.4,5.1,10.3,16,8.8,7.4

19840401,10.8,10.8,4.6,8.8,8,5.2,4.5,6.1,9,6.1,5.8,5.6,7.7,9.4,8.8,7.2,5.1,9.8,9.4,6.8,5.2,5,11.6,6.8,10,7.6,8,4.8,7.5,4.1,6.3,7.3,7,6.3,5.5,9.8,6.8,10,9.3,5.7,6.5,4.5,8.9,6.1,6.4,5.9,4.7,9.5,15.3,8,6.9

19840501,10.1,10.1,4.4,8.7,7.3,5,4.5,5.8,9,6,5.6,5.4,6.4,8.8,8.2,6.6,4.6,9.5,9.5,6.2,5.3,4.5,11.2,5.8,10.1,6.7,7.1,4.1,7,4.2,6.1,7.2,6.8,6.4,4.9,9.2,6.9,9.1,8.9,5.2,6.2,4.2,8.1,5.7,6,5.2,4.9,9,14.7,7.4,6.4

19840601,11.3,10,5.3,9,7.5,5.6,4.7,6.9,9.3,6.4,6.4,6.4,6.5,8.7,7.6,6.6,5,9.4,10.5,5.9,5.7,4.7,11,6.3,11.8,6.7,7.8,4.4,8,4.3,5.9,8.4,6.9,6.8,5.5,9.2,7.1,9,9.1,5.1,6.9,4.2,8.7,6.2,6.5,4.9,5.1,8.8,14.4,7.5,5.8

19840701,11.5,8.7,5.3,9,8,5.2,4.8,6.7,9,6.7,6.6,5.6,6.5,8.7,7.6,6.2,4.7,9.4,10.2,6,5.5,4.7,11.3,5.7,11.2,6.5,7.1,4.4,8.1,4.2,6.4,8.2,7.5,7,4.9,9.1,6.9,8.7,9.1,5,6.8,3.8,8.7,6.2,6,4.3,5.1,8.5,13.8,7,5.3

19840801,11.3,8.1,5.5,8.3,7.6,5,4.6,6.4,8.7,6.6,6.1,5.6,6.8,8.6,7.7,6.5,5,8.7,10.3,5.1,5.3,4.4,10.7,5.7,11.3,6.9,6.9,3.9,7.8,4.1,6,7.8,7.3,6.8,4.8,8.9,7.1,8.5,8.7,4.4,7.1,4,8.5,6,6.4,4.1,5,8.6,13.8,6.5,5.2

19840901,10.8,8.5,5.2,7.9,7.3,5.1,4.3,6.2,8.9,6.7,6.1,6,6.4,8.3,7.8,6.5,4.5,8.3,10.3,5.1,5.2,4.4,10.3,5.7,10.8,6.2,6.4,3.9,8,4,5.8,7.9,6.9,6.5,4.4,8.8,6.9,8,8.5,4.7,6.8,4,7.8,5.9,5.8,4.3,5,8.2,13.4,6.2,5.2

19841001,10.2,8.7,5.4,7.8,7.2,5.1,4.1,5.9,8.5,6.4,6.1,5.8,6.4,8.5,8,6.4,4.6,8.1,10.3,5,5.1,3.7,10.4,5.2,10.1,5.9,6.6,3.9,7.6,3.9,5.5,7.6,6.8,6.7,4.4,8.8,6.9,8.7,8.4,4.9,6.8,3.9,7.8,5.8,6.1,3.9,4.9,8.1,14.1,6.2,5.5

19841101,9.7,9.4,4.8,7.9,7.2,5.3,4.3,5.3,8.2,6.1,5.5,5.8,7.3,8.1,8.2,6.8,4.5,8.1,10.1,5.5,4.9,3.7,10.3,5.2,9.6,6.1,7,3.9,7.5,4,5.3,7.6,6.5,6.5,5,8.7,6.7,9,8.3,4.5,6.5,4.3,7.6,5.8,6,4.5,5,8.7,14.2,6.2,6

19841201,10.1,9.3,5.3,8.3,7.1,5.5,4.4,5.2,8,5.8,5.8,5.3,7.5,8.6,8.5,7.4,4.4,8.2,10.5,5.5,4.8,3.8,10.5,6,9.4,6.6,7.3,4.2,7.9,3.9,5.4,7.6,6.5,6.3,5.6,8.9,6.7,9.5,8,4.5,6.5,4.4,7.5,5.8,5.9,4.4,5.1,9,14.4,6.5,6.4

19850101,10.7,10.6,6.3,9.7,8,6.7,5.6,6.5,8.6,6.5,6.7,5.7,9.3,9.9,9.4,8.7,5.6,9.6,11.8,6.8,5.5,4.9,11.4,7.2,10.7,7.4,9,5.8,9.1,4.9,6.2,8.6,7.6,7.2,6.7,10,7.9,10.7,9.1,6.5,7.2,5.6,8.8,6.8,6.9,5.9,5.9,10.3,15.3,8,7.4

19850201,10.5,11,5.5,9.6,7.8,6.7,5.5,6.4,8.6,5.8,6.6,5.1,9.1,9.4,9.3,8.6,5.5,10.1,11.2,7.1,5.3,4.5,10.8,6.5,10.5,7.7,8.6,5.7,8.4,4.9,6.4,8.4,7.3,6.8,6.7,9.6,8,10.9,9.1,6.1,6.9,5.6,8.6,6.7,7.3,5.9,5.8,10.4,15.4,8.5,7.6

19850301,9.8,10.9,5.7,8.9,7.6,6.6,5.1,6,8.5,5.7,6.3,4.9,9.1,9.1,8.7,8.2,5.4,9.3,11.1,6.8,4.7,4.4,10.8,6.6,10.4,7.3,8.7,5.5,8,4.7,6.3,8.4,7,6,6.9,9.2,7.4,10.5,8.6,5.5,6.1,5.7,8.2,6.7,6.7,5.7,5.6,9.3,14.5,8.4,7.5

19850401,8.7,10.5,5.7,8.5,7.2,5.8,4.9,5.5,8.1,5.7,6.4,5.1,8.4,9.1,7.9,7.7,4.9,8.7,10.8,6.1,4.4,3.8,10.2,6.2,10,6.7,8,5,7.8,3.9,5.7,8.1,6.6,5.4,6,8.7,6.8,9.7,8,4.8,6.1,5,8.1,6.5,6.1,5.4,5.2,8.3,13.9,7.6,7.1

19850501,8.4,9.7,6,8.4,6.8,5.5,4.9,5,8.4,5.7,6.6,5.1,7,9,7.9,7.1,4.6,8.9,11,5.3,4.5,3.8,10.1,5.2,10,6.5,7.1,4.9,7.3,3.6,5.5,8.2,6.6,5.6,5.1,8.4,7.1,8.4,8,4.3,6.4,4.7,7.5,6.7,5.6,4.6,5.4,8.2,13.2,6.9,6.7

19850601,9.6,9.9,7.2,9,7.3,6.3,5.3,5.6,8.9,6.4,7.6,6.3,7.1,9.5,7.9,7.3,5.2,9.4,12.3,5.1,5,4.2,10.4,6,11.7,6.8,7.6,5.3,8.2,3.8,5.7,9.4,6.6,6,5.8,8.9,7.5,8.6,8.4,4.4,7.7,4.8,8.4,7.7,6.4,4.7,5.9,8.3,13.3,7.3,6.7

19850701,9.2,8.9,7.2,9.2,7.6,5.8,5.2,5.3,8.6,6.5,7.3,5.7,7.4,9.3,7.4,6.9,5,9.3,12,5,4.7,4.2,10.5,5.8,11,6.2,6.8,5.2,7.9,3.6,5.9,9,6.6,5.9,5.2,9,7,8.4,8.1,4.4,7.5,4.5,8.2,7.6,5.9,4.3,6,7.8,12.8,6.8,6.2

19850801,8.8,8.2,7,8.4,7,5.7,4.6,5.1,8.2,6.2,6.4,5.4,7.2,8.8,7.1,6.9,5.1,8.7,11.8,4.2,4.3,3.8,9.5,5.4,10.4,6.3,6.8,4.8,7.3,3.4,5,8.3,6.1,5.1,5.1,8.5,6.7,7.7,7.5,3.9,7.4,4.4,7.6,7.2,5.9,4.2,5.4,7.5,12.3,6.5,6.1

19850901,8.6,8.3,6.8,8.1,6.9,5.7,4.3,4.6,8.1,6.3,6.4,5.7,7,8.7,6.9,7.1,4.8,9,11.7,4.5,4.3,3.8,9.4,5.9,10.6,6.1,6.8,4.8,7.4,3.2,5.1,8.1,6.3,4.7,4.8,8.8,6.9,7.4,7.4,4.1,7.2,4.3,7.5,7.3,5.3,4.3,5.4,7.3,12,6.4,6.1

19851001,8.6,8.8,6.8,7.9,6.9,5.8,3.9,4.3,7.7,5.9,6,5.4,7,8.9,7,6.9,5,8.9,11.7,4.7,4.3,3.4,9.2,5.6,9.9,5.8,7.1,4.8,7.1,2.9,5.2,7.9,6.3,4.7,4.8,8.8,7.1,7.5,7.5,4.2,6.9,4.1,7.3,7.2,5.4,3.9,5.1,7.3,11.7,6.4,6.3

19851101,8.4,9.7,5.8,8.1,6.7,6,3.8,3.7,7.3,5.7,5.4,5.4,7.8,8.5,7,7,5,9.2,11.5,5.3,4.2,3.4,8.9,5.5,9.6,5.8,7.5,4.9,7,3,5.3,7.8,6.2,4.9,5.4,8.6,7,8.1,7.3,3.8,6.7,4.6,7.5,7.1,5.5,4.5,5.1,7.9,11.8,6.7,7.1

19851201,8.7,10.1,5.9,8.6,6.5,6.3,3.7,3.8,6.7,5.3,5.4,4.7,8.3,8.4,7,7.3,5,9.4,11.8,5.3,4,3.5,8.4,6,9.9,5.7,8.2,5.5,7.1,2.8,5.2,7.8,6.2,4.7,5.9,8.4,7.2,8.2,7.1,3.8,6.8,4.9,7.7,6.9,5.4,4.1,5,7.9,11.4,6.8,7.5

19860101,9.3,11.4,6.2,9.5,7,7.5,4.4,5.1,7.1,5.8,5.5,5.3,10.3,8.9,7.3,8.2,5.6,10.4,12.7,6.5,4.5,4.5,9.3,6.9,10.8,6.2,9.1,6.2,7.8,3.8,6.1,8.8,6.8,5.1,6.9,8.9,7.6,9.6,8,5.3,7.2,5.6,8.3,7.6,6.2,5.5,5.3,8.9,12.4,7.7,9.3

19860201,10.4,12,6.4,9.8,7.5,7.8,4.4,5.5,7.3,5.6,6.3,5.1,9.8,9.7,8,8.2,5.9,11.2,12.7,6.5,4.9,4.4,9.8,7,11.2,7.2,9.1,6.2,7,3.8,6.2,8.9,7.4,6,7,9.4,8.3,10.3,8.4,5.2,7.4,5.5,9.2,8.5,6.6,5.3,5.6,9.5,13.2,8.7,9.3

19860301,10.1,12,6.4,9,7.2,7.7,4,5.3,7.4,5.5,5.9,5.1,9.4,9.1,7.8,7.9,5.8,10.2,12.2,6.2,4.6,4.3,9.6,6.8,11.2,6.6,9.1,5.7,6.7,3.7,5.6,9.2,7,5.5,7.1,8.8,8.2,10,7.9,4.7,6.6,5.4,8.6,8.3,6,5.2,5.3,8.8,12.8,8.3,9.5

19860401,9.4,11.9,6.3,8.5,6.8,7.1,3.8,5,7,5.5,5.7,5.1,8.6,8.5,7.1,7.2,5.1,9.2,12,5.8,4.1,3.8,9.1,5.9,11.1,5.9,8.2,5,6.2,2.9,5,9,6.5,5.2,6.4,8.2,7.9,9.1,7.1,3.8,6.2,4.7,7.9,8.3,5.6,4.9,4.8,8,12.2,7.5,9.6

19860501,9.4,11.1,6.5,8.4,6.5,7,3.9,4.6,7.6,5.7,6,4.8,7.7,8.5,7.2,6.6,5.3,9.1,12.3,5.2,4.4,3.9,9.2,5.1,11.5,6.2,7.5,4.7,5.6,2.7,5.2,9.3,6.6,5.4,5.7,8.1,8.6,8.2,7.2,3.5,6.1,4.5,7.4,8.7,5.5,4.1,5,7.9,12,7,8.7

19860601,10.5,11.3,7.7,8.9,6.8,7.5,4.1,5.2,8.3,6.2,6.7,5.7,8,8.8,6.8,6.7,5.7,9.4,13.6,5,4.8,4.2,9.2,5.8,13,6.7,7.9,5.1,6.3,2.8,5.2,10.6,6.3,5.6,6.2,8.5,8.9,8.1,7.2,3.8,6.9,4.5,8.4,9.7,6.3,4.2,5.3,8,12.1,7.3,8.7

19860701,9.7,10.2,7.5,8.8,7,7.1,4.2,4.8,8,6.2,6.5,5,7.7,8.1,6.1,6.1,5.5,9,12.9,5,4.6,4.1,9.2,5.1,12.1,6.2,7.2,4.9,6.2,2.6,5.4,10.2,6.3,5.5,5.5,8,8.2,7.8,6.8,3.8,6.2,4.1,7.8,9.2,5.9,3.7,4.9,7.7,11.5,6.5,8.4

19860801,9.6,9.8,7.6,8,6.4,7,3.7,4.2,7.7,5.9,5.8,4.6,8.3,7.7,6.2,6.4,5.2,8.4,12.8,4.4,4.4,3.8,8.1,4.7,11.7,6.2,7,4.4,5.7,2.6,4.6,9.6,5.8,5,5.3,7.7,8.7,7.3,6.3,3.7,6.1,4.3,7.2,8.8,6.4,3.6,4.8,7.6,11.5,6.3,7.8

19860901,9.7,9.9,7.5,7.9,6.5,7.5,3.5,3.7,7.8,6.2,6.1,4.8,7.7,7.7,6.4,6.1,5.1,8.8,13.3,4.6,4.7,3.9,8.5,5.1,11.5,6.2,7.1,4.4,5.9,2.3,4.6,9.3,5.8,5,4.8,8.1,8.3,6.7,6.3,3.9,6.3,4.1,7.6,9.3,6,3.9,5.1,7.5,11.3,6.2,8.2

19861001,9.7,10.2,7.4,7.7,6.4,7.7,3.3,3.3,7.6,5.9,6.1,4.3,7.5,7.5,6.3,5.7,5,8.9,13,4.5,4.7,3.3,8.2,4.5,11.1,5.8,7.2,4.4,5.6,2,4.3,9.1,5.6,5.1,4.5,7.9,8.2,6.6,6.1,3.9,6.1,3.9,7.6,9,6.2,3.5,4.9,7.5,11,6,8.5

19861101,9.6,10.6,6.8,8,6.5,8.1,3.5,2.8,7.5,5.8,5.7,4.1,8.1,7.4,6.7,5.8,5,9.2,13,5,4.7,3.3,8.1,4.7,11,5.8,7.8,4.6,5.6,2.2,4.2,9,5.5,5.3,5.2,7.8,8,6.7,6,3.7,6.2,4.3,7.8,9.1,6.2,4,4.9,8.1,11,6.2,9.2

19861201,9,11,6.5,8.3,6,8.2,3.4,2.6,7.1,5.2,5.2,3.5,8.3,7.3,6.5,6.3,4.6,9,12.6,4.8,4.3,3.2,7.8,4.8,10.6,5.5,8,4.7,5.7,2.1,3.8,8.8,5.2,4.7,5.6,7.7,7.9,6.3,5.5,3.5,5.9,4.3,7.1,8.5,6.1,3.6,4.5,8,10.6,6.1,9.4

19870101,9.9,12,7.3,9.4,6.9,9.2,4.4,3.7,7.5,5.8,6.1,3.9,10.1,8.5,7.6,7,5.9,10.4,13.7,5.8,5,4.3,9.1,6.3,11.7,7,9,5.5,6.9,3,4.8,9.7,6.1,5.6,6.4,8.9,8.4,7.7,6.7,4.9,6.7,5.2,8,9.4,7.3,4.9,5.2,9.1,11.9,7.3,10.9

19870201,9.8,12.2,6.8,9.2,6.8,9.1,4.2,3.7,7.2,5.4,6.1,3.8,9.6,8.6,7.5,6.6,5.6,10.5,12.8,5.8,5,4.2,9,6.3,11.1,7.4,8.7,5.4,6.5,2.8,4.8,9.3,5.9,5.5,6.2,8.8,8.5,7.7,6.6,4.5,6.7,4.9,7.9,9.1,7.6,4.6,5.1,9.3,12.3,7.9,10.7

19870301,8.9,12,6.5,8.7,6.5,9,3.7,3.5,6.8,5.3,5.8,3.9,9.4,8.2,7.2,6.3,5.4,9.8,12.4,5.4,4.6,4,9,6.2,10.6,7,8.6,5.1,6.1,2.7,4.6,9.3,5.5,5.1,6.1,8.2,8,7.5,6.2,4.5,6.1,5,7.5,8.7,7,4.5,4.9,8.5,11.8,7.4,10.3

19870401,7.7,11.1,6.1,8.1,5.9,8,3.3,3.1,6,5,5.2,3.8,8.5,7.8,6.5,5.6,4.7,8.6,11.7,4.8,4,3.3,8.1,5.2,9.6,6.5,7.5,3.9,5.9,2,4,8.8,4.7,4.4,5.2,7.3,7.2,6.5,5.5,3.7,5.5,4.2,6.8,8.3,6.3,4,4.3,7.4,11.1,6.2,9

19870501,7.7,10.6,6.2,8.1,5.5,7.5,3.2,2.8,6.3,5.1,5.2,3.9,6.9,7.8,6.5,5.2,4.6,8.6,11.8,4.3,4.2,3.2,8.4,4.7,10,6.3,6.8,4.4,5.6,2,4.1,8.7,4.7,4.6,4.5,7.1,7.5,5.7,5.6,3.3,5.3,4.1,6.7,8.4,6.1,3.5,4.4,7.2,10.7,5.8,8

19870601,8.2,10.7,6.9,8.4,5.6,7.7,3.5,3.5,6.9,5.5,5.8,4.7,6.9,7.8,6.2,5.6,5.1,8.6,12.8,4.3,4.6,3.4,8.5,5.4,11.1,6.5,7.4,4.8,6.3,2.3,4.2,9.9,4.7,4.7,5.1,7.2,7.6,5.9,5.8,3.4,5.6,4.2,7,9,6.7,3.5,4.3,6.9,10.8,6.1,7.7

19870701,7.8,9.1,6.8,8.3,5.9,6.8,3.6,3.3,6.5,5.6,5.8,4.1,6.9,7.1,5.7,5,4.8,7.9,12,3.7,4.3,3.3,9,4.9,10.2,6.3,6.7,4.6,6.3,2.2,4.4,8.9,4.7,4.5,4.5,6.8,6.8,5.7,5.6,3.3,5,3.8,6.2,8.6,6.1,3.1,3.9,6.6,10.3,5.3,6.9

19870801,7.7,8.5,6.7,7.7,5.4,6.5,3.1,3,6.2,5.3,5.6,3.8,7,7,5.9,5.1,4.8,7.3,12,3.6,4.1,2.8,7.9,4.9,9.8,6.3,6.7,4.1,5.9,2.3,3.8,8.5,4.5,4.2,4.5,6.4,6.5,5.6,5.2,3.2,5.2,4,6.1,8.3,6.2,3,4,6.5,10.5,5.3,6.6

19870901,7.5,9,6.5,7.4,5.3,6.6,2.9,2.7,6.2,5.5,5.8,4,6.4,6.7,5.5,5.1,4.5,7.3,11.9,3.7,4.1,2.9,7.6,4.8,9.5,5.7,6.6,3.9,6.1,2.3,3.8,8.2,4.4,3.8,4.1,6.1,6.7,5.6,5.2,3.4,5.2,3.7,6,8.2,5.5,3.2,4,6.5,10.3,4.9,6.4

19871001,7.5,9.2,6.3,7.1,5.4,6.6,2.9,2.7,5.8,5.3,5.9,3.6,6.2,6.7,5.5,4.8,4.5,7.5,11.8,3.6,4.2,2.4,7.6,4.3,9,5.6,6.8,3.8,5.8,2.1,3.7,7.9,4.6,4,4.1,6.1,6.9,5.8,5.3,3.3,5.2,3.5,5.8,8,5.5,2.8,3.8,6.5,10.2,4.8,6.4

19871101,7.3,9.5,5.8,7.2,5.4,6.8,3,2.5,5.5,5.1,5.4,3.5,6.7,6.6,5.4,4.8,4.3,7.7,11.5,3.9,4.2,2.5,7.7,4.3,8.7,5.6,7.2,3.7,5.7,2.2,3.5,7.9,4.6,4.1,4.6,6.1,6.7,5.7,5.2,3,5,4,5.9,7.9,5.3,3.1,3.7,6.9,10.2,5,6.7

19871201,7,9.5,5.7,7.6,5,6.9,2.6,2.6,5.1,4.7,5.3,2.8,7,6.7,5.3,4.9,4,7.5,11.2,3.8,4,2.6,7.8,4.3,8.2,5.1,7.4,3.8,5.7,1.9,3.4,7.6,4.3,3.9,5,6.1,6.5,5.7,4.9,2.9,4.9,4.1,5.5,7.4,5.1,2.7,3.5,6.8,10,4.9,7.1

19880101,7.8,10.5,6.5,8.9,6,8.1,3.5,3.9,5.7,5.3,6.2,3.3,8.3,7.7,6,5.7,5.2,8.9,12.2,4.7,4.9,3.9,9.2,5.2,9.1,5.8,8.5,4.7,6.6,2.8,4.6,8.5,5,4.8,5.9,7.4,7.5,7,6.2,4.5,5.7,5.1,6.6,8.2,6,3.9,4.3,7.8,11,5.8,8.3

19880201,7.9,10.8,6.1,8.7,5.9,7.8,3.2,3.8,5.6,5,6.1,3.2,7.9,7.7,6,5.4,5,9.2,11.4,4.7,4.9,3.7,8.9,5.1,8.6,6,8.2,4.5,6,2.9,4.3,8.2,4.7,4.5,5.8,7.3,7.1,7.2,6.1,4.2,5.3,4.9,6.4,8,6.1,3.8,4.3,7.9,11.5,6,8

19880301,6.8,10.4,6.1,8.1,5.6,7.6,2.7,3.3,5.3,4.9,5.8,3.2,7.8,7.4,5.9,5.1,4.8,8.6,11.1,4.5,4.4,3.6,8.6,5,8.1,5.8,8.1,4.1,5.5,2.8,4.1,8.2,4.3,3.8,5.6,7,6.6,6.9,5.6,3.6,4.5,4.9,6.1,7.7,5.5,3.6,3.9,7.3,11,5.7,7.5

19880401,6.5,9.5,6,7.6,5.1,6.6,2.5,2.8,4.7,4.7,5.6,2.9,6.6,6.8,5,4.5,4.3,7.4,10.4,3.8,4,3,7.5,4.3,7.4,5.5,7.2,3.4,5.2,2.2,3.3,7.5,3.6,3.3,4.6,6.1,6,6.1,4.8,2.7,4.2,4,5.2,7.1,4.9,3.2,3.5,6.1,10.3,4.6,6.7

19880501,6.6,9.1,6.4,7.8,5.2,6.4,2.8,2.5,5,4.9,5.9,3,5.5,6.9,5.2,4.3,4.4,7.8,10.9,3.6,4.3,3,7.3,3.9,8.1,5.8,6.4,3.5,4.9,2.1,3.8,7.6,4,3.6,4.2,5.9,6.5,5.7,5.1,2.4,4.6,4,5.5,7.4,4.8,2.7,3.9,6.2,10.1,4.3,6

19880601,7.4,8.9,6.9,7.9,5.2,6.7,3.2,3.4,5.5,5.2,5.9,3.7,5.5,6.7,4.8,4.5,4.7,7.7,11.6,3.4,4.5,3.4,7.2,4.4,9.3,6,6.8,3.8,5.6,2.3,3.7,8.5,3.8,3.5,4.9,5.8,6.6,5.7,5.2,2.6,4.9,3.9,5.9,7.8,5.2,2.8,4,6.1,9.9,4.5,5.9

19880701,7.2,7.7,6.9,7.8,5.6,6.2,3.4,3.3,5.2,5.4,5.8,3.4,5.2,6.5,5,4.1,4.5,7.6,11,3.4,4.3,3.4,7.5,4.1,8.7,5.9,6,3.7,5.4,2.3,4.1,7.9,4.2,3.6,4.4,5.6,6.3,5.4,5.1,2.8,4.5,3.6,5.9,7.4,4.9,2.5,4,5.8,9.3,4,5.6

19880801,7.5,7.3,6.8,7.3,5.3,6,3.2,3.3,4.9,5.3,5.7,3.1,5.4,6.5,5.2,4.2,4.7,7,11,2.9,4.3,3.1,7.2,4.1,8.6,6,5.7,3.3,5,2.5,3.7,7.3,4.2,3.3,4.4,5.6,6.3,5.3,4.7,2.9,5,3.8,5.8,7.3,5.2,2.5,4,5.9,9.5,3.8,5.5

19880901,7.2,7.5,6.6,7,5,5.8,2.8,3.2,4.9,5.5,5.7,3.4,4.8,6,4.9,4.1,4.3,7,10.7,3,4.1,3.2,6.7,4,8.6,5.5,5.4,3.2,5,2.3,3.6,6.9,4.3,3.1,4,5.6,6.2,5.1,4.6,3,4.5,3.7,5.8,7.2,4.4,2.8,4.1,5.7,9.1,3.5,5.5

19881001,7.2,7.8,6.5,6.6,4.9,5.5,2.6,3,4.7,5.2,5.5,3.1,4.7,5.9,4.9,3.9,4.3,6.8,10.2,3,4,2.8,6.4,3.6,8.3,5.1,5.5,3,4.5,2.1,3.5,6.6,4.3,3.3,3.8,5.3,6.2,4.8,4.5,3,4.4,3.5,5.4,6.8,4.3,2.5,3.8,5.3,8.9,3.3,5.7

19881101,7.3,8.2,6,6.6,5.1,5.7,2.8,2.6,4.5,5.2,5.1,3.1,5.2,6.1,5.2,4,4.3,6.9,9.9,3.4,3.8,3,6.6,3.7,8.3,5.6,5.8,2.9,4.5,2.3,3.5,6.4,4.4,3.6,4.1,5.5,6,5.1,4.5,2.8,4.2,4,5.7,6.9,4.3,2.9,3.8,5.8,8.9,3.7,6.2

19881201,7.1,8,5.7,7.1,4.8,5.7,2.6,2.7,4.4,4.9,5.1,2.6,5.5,5.9,5,4.3,4,6.6,9.7,3.3,3.5,3.1,6.8,4,8.1,5.6,6.1,3,4.5,2.2,3.6,6.3,4.5,3.3,4.6,5.5,6,5,4.2,2.8,4.1,4,5.5,6.5,4.1,2.7,3.6,5.8,8.7,3.8,6.7

19890101,8.1,8.9,6.1,8.2,5.7,6.9,3.7,3.8,5.1,5.6,5.8,3.1,7.1,6.8,5.7,5.1,5,7.7,10.8,4.4,4.2,4.3,7.8,5.4,9.1,6.4,7.3,3.8,5.8,3.2,4.5,7.2,5.5,4.3,5.5,6.5,6.6,6.6,5.4,4.5,4.9,4.7,6.4,7.4,5,4,4.4,7.1,9.8,5.1,7.9

19890201,7.4,9,5.3,8.1,5.4,6.7,3.5,3.7,5.1,5.2,5.5,2.6,6.9,6.4,5.2,4.7,4.7,7.7,9.4,4.4,4.2,4.1,7.2,4.8,8.3,6.3,7,3.5,5.3,3.2,4.2,6.9,5.3,4,5.3,5.8,6.6,6.6,5.2,4.4,4.7,4.6,5.4,7,5.1,3.8,4.1,7.2,10.1,5.3,7.6

19890301,6.7,8.2,5.1,7.4,5,6.3,3.1,3.4,4.8,5,5.2,2.4,6.5,6,4.8,4.5,4.3,6.9,8.6,4.3,3.8,4,7.1,4.6,7.9,5.6,6.9,3.2,4.8,3.1,3.8,6.8,4.8,3.4,5.1,5.4,5.8,6.4,4.7,4.1,3.8,4.6,4.9,6.5,4.8,3.9,3.7,6.4,9.2,5.1,7.2

19890401,6.8,7.3,5.2,7.1,5.1,5.6,3.1,3.2,4.4,5.2,5.5,2.3,5.7,5.8,4.4,4.1,3.9,6.4,8.4,4.2,3.7,3.7,6.6,4.5,7.7,5.3,6,2.9,4.6,3,3.6,6.3,4.8,3.5,4.5,5.2,5.4,5.7,4.4,3.4,3.8,4,4.7,6.6,4.5,3.8,3.5,5.8,9,4.6,6.3

19890501,6.6,6.7,5.1,7,4.8,5.4,3.3,3,4.8,5.4,5.3,2.3,4.6,5.7,4.4,3.8,3.8,6.4,8.2,4,3.8,3.7,6.5,3.9,7.8,5.1,5.4,2.8,4.3,3,3.6,6.5,4.8,3.6,3.8,5.2,5.7,5,4.5,3.2,4,3.9,4.4,6.4,4.4,3.2,3.8,5.6,8.7,4.3,5.9

19890601,8,6.8,5.9,7.3,5.2,5.9,3.9,4,5.4,6,6.3,3.1,4.7,6.1,4.6,4.1,4.5,6.7,9.1,3.9,4.2,4.2,7.2,4.5,9,5.9,5.8,3.3,5,3.4,4,7.7,4.8,3.8,4.5,5.6,6,5.3,4.8,3.6,5.1,4,5.3,7.2,4.9,3.4,4.1,5.8,8.8,4.7,5.9

19890701,7.4,5.8,5.9,7.2,5.4,5.3,4,4,5.2,5.9,5.7,2.6,4.6,5.8,4.5,3.8,4.2,6.3,8.1,4,3.9,4.3,7.6,4.1,7.8,5.5,5.1,3.1,4.8,3.4,4.5,7.2,4.9,3.7,4,5.3,5.4,5.2,4.7,3.9,4.6,3.7,5,6.9,4.5,3.1,3.9,5.5,8.3,4.2,5.4

19890801,7.2,5.4,5.8,6.5,4.9,5,3.9,3.7,4.8,5.8,5.4,2.3,4.8,5.7,4.5,4.2,4.1,5.7,7.6,3.4,3.6,4.1,6.8,4,7.5,5.4,5,2.7,4.3,3.6,4.1,6.8,4.7,3.4,4,5,5.3,5,4.3,4,4.8,3.9,5,6.6,4.7,3.3,3.8,5.6,8.2,3.9,5.4

19890901,6.9,6,5.5,6.3,4.9,5.1,3.9,3.5,4.8,6,5.6,2.7,4.2,5.8,4.6,4,4,6,7.1,3.4,3.7,4.4,7,4.2,7.5,5.4,4.9,2.6,4.7,3.7,4.2,6.5,4.9,3.1,3.6,5.4,5.3,4.6,4.4,4.4,4.9,3.7,4.9,6.6,4.3,3.4,4,5.3,8,3.7,5.2

19891001,6.6,6.3,5,5.9,4.9,5.1,4,3.5,4.7,5.7,5.5,2.3,4.2,5.9,4.9,3.8,4.1,5.3,6.4,3.6,3.6,4.1,7.1,3.6,7.2,4.9,5.1,2.5,4.4,3.6,4.2,6.3,4.9,3.1,3.4,5.6,5.1,4.8,4.4,4.5,5.3,3.4,4.8,6.2,4.2,3.2,3.8,5.2,7.8,3.6,5.2

19891101,6.6,6.9,4.6,6.2,5.2,5.4,4.3,3,4.9,5.7,5.4,2.4,5,6.2,5.3,4,3.8,5.7,6.2,4.2,3.6,4.3,7.4,4,7.2,5.5,5.4,2.3,4.4,4,4.3,6.3,5.2,3.3,3.8,5.9,5.2,5.2,4.7,4.6,4.9,3.7,5.1,6.5,4.2,3.7,3.8,5.7,7.8,3.9,5.8

19891201,6.2,7.1,4.5,6.6,4.9,5.5,4.3,3.2,4.9,5.3,4.9,2.1,5.2,6.3,5.2,4.2,3.7,5.6,5.7,4.4,3.4,4.5,7.3,4.5,7,5.2,5.6,2.6,4.5,4.4,4.2,6,5.1,3.1,4.2,5.9,5.4,4.9,4.8,4.9,4.6,3.9,4.9,6,4,3.7,3.8,5.6,7.8,3.8,6

19900101,6.9,8.5,5.6,7.5,5.7,6.2,5.3,4.6,5.5,5.9,5.5,2.8,6.8,6.7,5.8,5.1,4.6,6.7,6.5,5.5,4.5,5.8,9.2,5.5,8.3,6.2,6.7,3.1,5.2,5.4,5.1,6.9,5.8,4,5,6.9,6.6,6,5.8,6.6,5,4.6,5.6,6.6,4.8,5.2,4.5,6.3,8.8,5.1,6.9

19900201,7.5,8.6,5.3,7.5,5.6,5.9,5.3,4.4,5.7,5.7,5.4,2.6,6.5,6.7,6.1,4.9,4.4,6.6,5.6,5.8,4.1,5.8,8.3,5.4,7.8,6.5,6.5,2.8,4.8,5.7,5,6.7,5.8,4.1,4.9,6.2,5.9,6.6,5.9,6.5,5,4.4,5.5,6.6,5,5.3,4.2,6.5,8.9,5.2,6.6

19900301,6.8,8.2,5.1,7,5.4,5.8,5,4,5.8,5.5,4.9,2.7,6.5,6.3,5.9,4.9,4.3,5.9,5.2,5.6,3.6,5.9,7.9,5.3,7.1,5.9,6.5,2.5,4.5,5.8,4.8,6.6,5.4,3.6,4.8,5.6,5.4,5.8,5.5,5.6,4.1,4.4,4.9,6.2,4.7,5.4,3.9,5.8,8,5.1,6.3

19900401,6.3,7.6,5.1,6.7,5.4,5.2,4.9,3.7,5.6,5.7,5,2.7,5.9,6,5.4,4.4,4,5.8,5.2,5.1,3.7,5.6,7.2,4.9,7.2,5.4,5.7,2.3,4.5,5.3,4.6,6.2,5,3.6,4.1,5.9,5.1,5.3,5.1,5.8,4.2,3.8,5.2,6.1,4.5,5.3,3.7,5.1,7.8,4.3,5.5

19900501,6.2,7.2,5.1,6.7,5.2,5.1,5,3.4,6,5.7,5,2.7,4.8,5.7,5.1,4,3.9,5.8,5.5,4.7,3.9,5.7,7.1,4.2,7.3,5,5.3,2.1,4.2,5.4,4.7,6.2,4.9,3.8,3.6,5.4,5.6,4.8,5.1,5.8,4.3,3.8,5,6.2,4.4,4.8,4,5,7.7,3.8,4.9

19900601,6.9,7.1,5.5,7,5.3,5.5,5.2,4.1,6.7,6.1,5.5,3.4,5.1,5.9,4.8,4.2,4.3,6,6.7,4.6,4.4,6.1,7.1,4.6,8.2,5.1,5.9,2.5,4.8,5.5,4.7,7.3,4.7,4,4.4,5.3,5.6,5.3,5.2,6,5,3.8,5.1,6.5,4.8,4.7,4.2,4.7,8,4.2,4.8

19900701,6.9,6.1,5.7,7.2,5.9,5,5.3,4.2,6.7,6.3,5.8,2.8,5.2,6.1,4.8,3.9,4.4,5.7,6.5,4.8,4.5,6.5,7.6,4.5,7.6,5.4,5.2,2.5,4.7,5.5,5.2,7,5.2,4.3,3.8,5.4,5.3,5.4,5.4,6.4,4.9,3.5,5.1,6.5,4.4,4.5,4.4,4.7,7.9,4.1,4.4

19900801,7.1,6,5.8,6.6,5.7,4.8,5.2,4.3,6.5,6.5,5.7,2.5,4.9,6.3,5.1,4.2,4.5,5.4,6.7,4.3,4.7,6.4,7.2,4.5,7.6,6.1,5.3,2.2,4.6,5.7,4.9,6.5,5,3.9,3.7,5.2,5.5,5.4,5.1,6.4,5.1,3.6,5.3,6.3,4.5,4.4,4.6,4.7,8.4,4,4.4

19900901,6.8,6.2,5.5,6.5,5.9,4.8,5.2,5.6,6.7,6.7,5.9,2.8,4.5,6.1,4.8,4.1,4.3,5.6,6.9,4.7,4.8,6.8,7.1,4.8,7.4,6,5.4,2.1,4.8,5.6,5.2,6.4,5.3,3.8,3.3,5.2,5.3,5.1,5.2,6.6,5.1,3.3,5.4,6.4,4,4.6,4.8,4.5,8.6,3.9,4.5

19901001,6.6,6.7,5,6.3,5.9,4.6,4.9,6,6.6,6.3,5.5,2.4,4.6,5.9,4.7,4,4.3,5.5,6.4,5.3,4.8,6.5,7,4.3,7.3,5.6,5.8,2,4.6,5.5,5.2,6.3,5.4,4.4,3.1,5,5.7,5.2,5.4,6.7,4.7,3.2,5.3,5.9,4,4.4,4.8,4.4,8.6,3.9,4.6

19901101,6.6,7.2,4.8,6.6,6.5,4.9,5.1,6.1,6.8,6.6,5.7,2.5,5.6,5.8,5.4,4.3,4.4,6.3,6.5,6.4,5.3,7,7.7,4.5,7.5,6.3,6.4,1.9,4.8,6.1,5.6,6.4,5.6,4.8,3.6,5.6,6,5.6,5.9,6.8,5,3.4,5.8,6.4,4,5.7,5.1,5.4,9.2,4.4,5.3

19901201,6.6,7.5,4.8,7.2,6.6,4.9,5.1,6.3,6.6,6.4,5.6,1.9,6,6.2,5.6,4.8,4.1,6.3,6.6,6.8,5.3,7.3,8,4.9,7.9,6.5,6.8,2.2,5.1,6.4,5.7,6.3,5.8,4.9,3.9,5.9,6.3,5.6,5.9,7,5.1,3.5,5.9,6.3,3.9,5.8,5.4,5.8,9.6,4.5,5.4

19910101,7.7,8.7,5.3,8.5,7.5,5.8,6.1,7.4,7.1,7,6.1,2.5,7.9,7.2,6.7,5.5,5.4,7.6,7.7,8.6,6.2,8.7,9.5,5.8,9,7.6,8.2,3.2,6.2,7.6,6.8,7.3,7,6,4.9,7.2,7.5,6.9,7.3,9,6,4.3,7.2,6.9,4.8,7.4,6.2,7.1,10.7,6,6.7

19910201,8.3,9.1,5.1,8.3,7.9,5.7,6.1,7.6,7.2,7.1,6.3,2.5,7.6,7.3,7.1,5.6,5.2,8.4,7,9.5,6.6,8.8,10,6.1,9.2,8.1,8,2.9,6.1,7.8,7,7.2,7.4,6.1,5,7.7,6.8,7.1,7.6,9.2,6.5,4.1,7.5,7.1,5.1,7.6,6.5,7.2,11.2,6.8,6.2

19910301,7.6,8.9,5,7.8,7.9,5.6,5.8,7.1,7.1,7,5.8,2.8,7.5,7.3,7.5,5.4,4.9,8.1,6.9,9.5,6.2,8.9,10.3,6.2,9.2,7.5,8.2,2.7,6.1,7.8,6.9,7.3,7.4,5.9,5.1,7.6,6.2,6.8,7.5,9.2,5.9,4.2,7.3,6.9,4.8,7.7,6.2,6.7,10.9,6.9,5.9

19910401,6.9,8.5,4.7,7.3,7.4,4.9,5.7,6.7,6.8,6.9,5,2.7,6.7,6.5,5.9,4.6,4.2,7.2,6.5,8.9,5.8,8.3,9.4,5.4,8.4,6.5,7.3,2.4,5.8,7.4,6.3,6.9,6.9,5.4,4.6,6.6,5.9,6.2,6.9,8.4,5.3,3.4,6.4,6.5,4.5,8,5.5,5.9,10.3,5.8,5.2

19910501,7.1,8.2,5.3,7.5,7.5,4.9,6.2,6,7.5,7.4,5.3,2.6,5.6,6.7,6.2,4.4,4.3,7.4,7.3,7.9,6,8.6,9.2,4.9,9.2,6.9,6.3,2.5,5.5,7.2,6.6,7,7.3,5.9,4.1,6.2,6.4,5.7,7.2,8.3,5.7,3.4,6.3,6.8,4.4,7,5.8,6,10.3,5.5,4.8

19910601,8.1,8.5,6.2,7.7,7.7,5.4,6.8,6.3,8.1,7.9,5.7,3.5,5.6,7.3,6.1,4.6,4.7,7.6,8.4,7.1,6.3,8.9,9.5,5.4,10.1,6.9,6.7,3,5.9,7.3,6.6,8,7.2,6.1,4.8,6.5,6.6,6.1,7.2,8.3,6.5,3.5,7.1,7.3,5.2,6.9,6,6.1,10.4,5.8,4.7

19910701,7.6,7.6,6.2,7.7,7.9,5.1,6.9,6,8.1,7.9,5.1,3,5.5,7.2,5.6,4.1,4.5,7.3,7.8,6.7,6,8.9,9.4,4.8,8.9,6.3,6.1,2.9,5.9,7.3,6.8,7.7,7.3,6.2,4.1,6.3,6,6.1,7,8.4,6.1,3.2,6.8,7,4.8,6.3,5.7,5.8,10.2,5.1,4.4

19910801,7.4,7.3,6.7,7,7.5,4.9,6.9,6,8,7.9,4.7,2.8,5.6,7.1,5.4,4.4,4.3,6.9,7.6,5.9,5.8,8.7,8.7,4.6,8.5,6.3,6,2.6,5.5,7.2,6.4,7.1,7.1,5.7,4.1,5.8,6,6,6.6,8.4,6.4,3.3,6.7,6.8,5,5.5,5.7,6,10.7,5,4.3

19910901,6.9,7.9,6.7,6.8,7.5,4.9,6.9,5.7,8.2,7.9,4.7,3.2,5.2,7,5,4.2,3.9,6.9,7.3,6,5.8,8.8,8.6,4.8,7.8,5.9,5.9,2.4,5.6,7.1,6.4,6.8,7.1,5.3,3.6,5.8,6,5.7,6.6,8.4,6.3,3.1,6.5,6.8,4.5,5.5,5.7,5.8,10.4,4.7,4.5

19911001,6.7,8.4,6.8,6.5,7.6,4.9,6.9,5.4,8.2,7.8,4.6,2.8,5.1,7.2,5.1,4,3.9,6.6,7,6.1,6,8.3,8.5,4.4,7.4,5.6,6.2,2.3,5.5,6.8,6.6,6.7,7.1,5.4,3.5,5.6,6.1,6.3,6.7,8.4,6.2,2.9,6.3,6.8,4.4,5.1,5.6,5.8,10.5,4.6,4.6

19911101,6.7,9.1,6.5,6.7,7.9,5.3,7.1,5,8.3,7.8,4.4,3,6,7.7,5.4,4.4,3.9,6.7,6.8,6.8,6.2,8.3,8.6,4.6,7.1,5.5,6.9,2.5,5.7,7,6.9,6.8,7.3,5.7,4.1,5.9,6.1,6.7,7,8.3,6.2,3.3,6.4,7,4.5,5.9,5.9,6.7,10.8,4.9,5.5

19911201,7.1,9.5,6.8,7.4,8,5.5,7.1,5.1,8.4,7.9,4.6,2.9,6.5,8.4,5.8,4.9,3.7,6.7,7,7.4,6.4,8.3,8.9,4.9,7.4,5.9,7.2,2.6,6,7.1,7.1,6.8,7.8,5.7,4.6,6.5,6.2,7,7,8.5,6.5,3.3,6.4,7,4.4,6.1,6.1,7,11.4,4.9,5.9

19920101,8.1,10.6,7.9,8.6,9.2,6.5,8.1,6.3,8.9,8.7,5.5,3.4,7.8,9.3,6.9,5.8,4.8,7.9,8.2,9,7.4,9.4,10.5,6,8.7,7,8.3,3.5,7.3,8.1,8.2,7.9,9,6.7,5.6,8.1,6.9,8.6,8.4,10.2,7.4,4,7.7,8.1,5.3,7.5,7.1,8.1,12.6,5.8,7.2

19920201,8.4,10.7,7.8,8.3,9.4,6.4,8.1,6.2,8.9,8.6,7.5,3.7,7.8,9.4,7.2,5.4,4.6,8.1,7.7,9.2,7.6,9.2,10.4,5.9,8.6,7.2,8,3.2,7.1,8,8.5,7.8,9.3,6.9,5.7,8.4,7.2,8.8,8.5,10.1,7.4,3.8,7.6,8.1,5.5,7.3,7.3,8.3,12.9,6.2,6.8

19920301,7.6,10.2,7.6,7.5,9.2,6.5,7.5,5.9,8.6,8.2,7.2,3.8,7.5,8.7,7,5.1,4.5,7.3,7.5,8.9,7.3,9,10.1,5.9,8.3,6.6,7.8,3.1,6.7,7.9,8.2,7.4,8.8,6.3,5.7,7.9,6.6,8.5,8,9.8,6.6,3.9,7,7.6,5.2,7.3,6.9,7.7,12.3,5.9,6.6

19920401,7,9.5,7.2,7,8.7,5.8,7.2,5.5,7.8,7.9,6.8,3.8,6.9,8,6.3,4.4,4.1,6.3,7.3,8,6.8,8.3,8.9,5.1,7.6,6,6.8,2.7,6.5,7.5,7.8,7.1,8.2,5.6,4.9,7.1,5.6,7.5,7.3,8.9,6.2,3.1,5.8,7.2,4.7,7.1,6,6.8,11.4,5.1,5.8

19920501,7.3,9.1,7.4,7.1,8.7,5.9,7.4,5.2,8.2,8.1,6.9,4.2,5.6,8.1,6.8,4.2,4.3,6.7,7.9,7.3,6.8,8.4,8.9,4.8,8.4,6.2,6.3,2.8,6.2,7.3,8.4,7,8.4,6,4.3,7.2,6,7,7.6,8.7,6.3,3.3,6,7.5,4.8,6.4,6.4,7,11,5,5.4

19920601,8.7,9.1,8.1,7.5,9.5,6.4,7.7,5.9,8.8,8.8,7.9,5.1,5.9,8.6,7.2,4.5,4.9,7.3,9.5,6.8,7.2,8.8,9.6,5.5,9.8,6.8,6.8,3.3,6.9,7.4,8.9,8.2,8.8,6.5,5.1,7.9,6.5,7.2,7.9,8.7,7.3,3.4,7,8.4,5.4,6,6.7,7.2,11.3,5.7,5.5

19920701,8.2,7.9,7.9,7.4,9.7,5.9,7.8,5.5,8.6,8.7,7.4,4.7,5.7,8,6.9,4.1,4.7,7,8.8,6.4,6.8,8.7,9.8,4.9,8.8,6.1,6.1,3.2,6.9,7,9.2,7.5,8.8,6.4,4.5,7.5,5.8,7.1,7.8,8.8,6.8,3.1,6.4,7.9,4.9,5.6,6.2,6.9,10.7,5.2,4.9

19920801,7.7,7.5,7.9,6.7,9.4,5.7,7.5,5.4,8.4,8.6,7.2,4.6,6.1,7.4,6.6,4.1,4.7,6.6,8.7,5.9,6.4,8.3,8.6,4.8,8.4,6,6,2.7,6.5,7.1,8.5,6.9,8.6,6,4.5,7.1,5.5,6.9,7.4,8.6,6.8,3.2,6.3,7.6,5,5.3,6.1,7,10.9,4.9,4.7

19920901,7.1,7.8,7.7,6.5,9.5,5.6,7.4,5.2,8.7,8.6,7,4.5,5.6,6.9,6.1,4,4.5,6.5,8.4,6,6.5,8.4,8.3,4.8,7.6,5.7,5.8,2.6,6.6,6.9,8.4,6.7,8.6,5.5,4,7,5.8,6.6,7.2,8.6,6.6,2.9,6.1,7.5,4.5,5.3,5.9,6.8,10.7,4.7,4.7

19921001,6.7,8.1,7.2,6,9.2,5.4,7.1,5.1,8.6,7.7,6.6,4.9,5.5,6.3,5.5,3.8,4.2,6.2,7.6,6.2,6.3,7.7,7.6,4.3,7,5.1,6,2.4,6.3,6.6,8.1,6.5,8.2,5.4,3.8,6.6,5.3,6.5,7,8.3,6.4,2.7,5.7,7.1,4.4,4.9,5.6,6.8,10.5,4.3,4.7

19921101,6.9,8.4,7,6.1,9.7,5.8,7.4,4.5,8.9,7.6,6.6,4.9,6.1,6.7,5.9,3.9,4.3,6.4,7.5,7,6.4,7.7,7.5,4.6,6.6,5.5,6.4,2.4,6.3,6.9,8.1,6.6,8.3,5.8,4.3,6.8,5.3,7,7.1,8,6.4,3.1,6.2,7.4,4.4,5.4,5.6,7.6,10.7,4.3,5.3

19921201,7.1,8.3,6.7,6.5,9.5,6,7.3,4.4,8.6,7.2,6.3,4.3,6,7.2,6.1,4.4,4.2,6.3,7.3,7.2,6.1,7.6,7.6,4.9,6.7,5.9,6.6,2.6,6.5,6.7,8,6.6,8.3,5.5,4.6,7.1,5.7,7.2,6.9,7.9,6.6,3.2,6.2,7.2,4.2,5.2,5.6,7.8,10.8,4.3,5.5

19930101,8,9,7.4,7.5,10.3,6.8,8.3,5.4,9.2,7.8,7,4.8,7.8,8.5,6.9,5.2,5.4,7.4,8.3,8.3,6.8,8.6,8.4,6.1,7.7,7.2,7.9,3.6,7.6,7.7,8.8,7.4,9.3,6.3,5.4,8.3,6.3,8.4,8,9.4,7.6,4.2,7.1,8.1,4.8,6.4,6.2,8.9,11.8,5.1,6.5

19930201,8,9.1,6.9,7.1,10.3,6.5,8,5.4,9.1,7.4,6.8,4.6,7.5,8.5,6.9,4.9,5.2,7.4,7.4,8.4,6.8,8.2,8.2,6.1,7.2,7.5,7.4,3.3,7.3,7.7,8.7,7.2,9,6.2,5.2,7.9,6.3,8.3,8,9,7.8,4,6.8,7.8,5,6.2,6,8.8,12.3,5.4,6.5

19930301,7.5,8.7,6.5,6.5,9.9,6.2,7.3,5.2,8.7,7,6.3,4.6,7.6,8.1,6.4,4.7,5.2,7.3,7.2,8.2,6.6,7.8,7.7,5.9,7,7,7.3,3.2,7.1,7.3,8.4,7.3,8.3,5.6,5.2,7.2,5.9,8,7.6,8.6,7.3,4.1,6.7,7.3,4.5,6.1,5.6,8.1,11.8,5.8,6.4

19930401,7.1,8.2,6.3,6.1,9.5,5.5,7,4.8,8,6.9,5.7,4.3,6.7,7.7,6,4.2,4.7,6.5,7,7.7,6.2,7.1,6.9,5.3,6.6,6.3,6.2,2.8,7,6.1,7.9,6.8,7.7,5.2,4.5,6.6,5.6,7.5,6.9,7.9,7.1,3.3,6,6.9,4,5.9,5.2,7.3,11.4,5.3,5.6

19930501,7.2,7.8,6.1,6.2,9.1,5.3,6.8,4.4,8.2,6.9,5.6,4.3,5.6,7.7,6.2,3.7,4.9,6.6,7.2,7.3,6.2,6.9,7.1,4.8,7,6.3,5.6,2.7,6.7,5.8,7.7,7,7.7,5.2,3.9,6.4,6.1,6.9,7.1,7.5,7.3,3.1,5.8,6.9,4.1,5.1,5.2,7.2,11,4.8,5

19930601,8.3,7.7,6.7,6.5,9.5,5.7,6.9,5.2,8.8,7.4,6.4,5,5.6,8.1,6.3,4,5.3,6.8,8.5,7,6.6,7.1,7.6,5.4,7.8,6.8,6.1,3.1,7.2,5.9,7.7,7.9,7.8,5.5,4.7,6.7,6.4,7.1,7.2,7.5,8,3.3,6.5,7.7,4.6,5.1,5.5,7.2,10.9,5.3,5

19930701,8.2,6.7,6.6,6.4,9.7,5.1,6.8,5.1,8.7,7.5,6.3,4.5,5.3,7.6,4.7,4.1,5.2,6.3,8,6.6,6.4,6.9,7.7,4.6,6.7,6.1,5.5,2.9,7.1,5.7,7.8,7.4,7.8,5.2,4,6.5,5.9,7.1,7.1,7.4,7.6,3.1,5.9,7.4,4.1,4.7,5.2,7,10.2,4.7,4.8

19930801,7.5,6.3,6.6,5.8,9.2,4.8,6.4,5.1,8.5,7.3,5.9,4.3,5.3,7.1,4.1,3.7,5,5.8,7.8,6.2,6.1,6.5,6.8,4.4,6.4,6,5.3,2.5,6.7,5.6,7.2,6.9,7.5,4.6,4,5.9,5.8,6.7,6.7,7.3,7.5,3.2,5.5,7,4.1,4.5,5.1,6.9,10.2,4.4,4.6

19930901,6.9,6.7,6.3,5.6,9.1,4.6,5.8,5.1,8.4,7.2,5.7,4.3,4.9,6.9,3.9,3.5,4.7,5.5,7.6,6.4,5.8,6.6,6.6,4.4,6,5.7,5,2.3,6.7,5.7,7,6.7,7.4,4.1,3.5,6,5.7,6.1,6.5,7.2,7.1,3,5.2,6.9,3.6,4.5,4.9,6.5,9.7,4,4.5

19931001,6.7,7,6.1,5.3,9.2,4.4,5.6,5.1,8.3,7,5.9,4.3,4.9,6.7,4.2,3.4,4.8,5.2,7.7,6.4,5.8,6.1,6.6,4.1,6,5.5,5.2,2.3,6.3,5.5,6.8,6.4,7.6,4.3,3.3,6.1,5.9,6.1,6.5,7.2,6.9,2.8,5,6.8,3.5,4.2,4.8,6.5,9.5,4,4.7

19931101,6.4,7.5,5.8,5.3,9.1,4.5,5.5,4.8,8.3,6.7,5.3,4.6,5.3,6.1,4.3,3.4,4.7,5.1,7.5,7.2,5.5,6,6.5,4.1,5.4,5.2,5.5,2.2,6.2,5.5,6.6,6.4,7.4,4.2,3.7,6,5.7,6.1,6.3,7,6.5,3.1,4.7,6.7,3.3,4.7,4.6,6.7,9.4,4.2,5.2

19931201,6.2,7.6,5.6,5.6,8.7,4.4,5.2,4.9,8.1,6.4,5.2,4.2,5.6,6.2,4.7,3.8,4.5,4.9,7.3,7.3,5.3,6,6.6,4.3,5.6,5.3,5.6,2.4,6.3,5.3,6.6,6.3,7.4,4,4.1,6.1,5.6,6.1,6,6.9,6.5,3.3,4.5,6.4,3.1,4.6,4.6,6.8,9.4,4.3,5.4

19940101,7.5,8.8,6.5,6.6,9.9,5.4,6.3,6.1,8.9,7.2,6.5,5.2,7.1,7.6,5.9,4.7,5.6,6.4,8.9,8.5,6.2,7.3,8.1,5.7,7.1,6.6,6.8,3.3,7.2,6.1,7.7,7.2,8.4,5.1,4.9,7.4,6.6,7.3,7.3,8.7,7.6,3.9,5.9,7.5,4,5.8,5.7,8,11,5.7,6.6

19940201,7.3,9,6.1,6.3,9.7,5.2,6.2,6.1,8.7,6.8,6.2,5.3,6.6,7.3,5.8,4.5,5.3,6.8,8,8.8,6.2,6.9,7.6,5.2,6.9,6.4,6.5,3.2,6.8,6,7.8,6.8,8.3,5.1,4.8,7,6.5,7.2,7.2,8.2,7.4,3.8,5.8,7.3,4.1,5.5,5.6,8.1,11.2,6.1,6.5

19940301,6.4,8.7,6,5.9,9.4,5.2,5.7,5.7,8.4,6.7,5.8,5.4,6.4,6.8,5.7,4.3,5.3,6.1,7.9,8.4,5.9,6.7,7.3,5.2,6.6,6.1,6.3,3.1,6.5,5.6,7.7,6.8,7.9,4.6,4.8,6.8,6.1,6.8,7.1,7.9,6.8,3.9,5.5,6.9,3.9,5.4,5.4,7.6,10.5,5.8,6.3

19940401,5.8,8.2,5.9,5.4,8.9,4.5,5.4,5.2,7.4,6.5,5.3,5.4,5.7,6,5,3.5,4.8,5.2,7.6,7.7,5.3,6.1,6.2,4.3,6.2,5.2,5.3,2.5,6.3,4.9,7,6.3,7.3,4.2,3.9,6,5.5,5.9,6.4,6.9,6.5,3.1,4.7,6.5,3.6,5.3,5,6.8,9.5,4.9,5.4

19940501,5.6,7.9,5.9,5.3,8.2,4.2,5.3,4.6,7.6,6.3,4.9,5.5,4.7,5.5,4.7,3.1,4.5,5.1,7.6,7.2,5.2,5.8,5.7,3.4,6.4,4.5,4.5,2.5,5.9,4.5,6.7,6.3,6.8,4.2,3.3,5.5,5.7,5,6.2,6.6,6.1,3.1,4.2,6.3,3.6,4.6,4.8,6.3,8.8,4.3,4.8

19940601,6.7,7.6,6.7,5.7,8.6,4.6,5.7,5.1,8.2,6.8,5.5,6.2,4.8,5.8,4.8,3.4,4.9,5.6,8.8,6.8,5.4,6.2,6,4,7.3,5,5,2.9,6.3,4.6,6.8,7.1,6.9,4.6,4,5.7,5.9,5.3,6.4,6.6,6.6,3.2,5.1,7,4.2,4.5,5.1,6.3,8.9,4.8,4.7

19940701,6.6,6.8,6.7,5.8,8.9,4.2,5.9,4.8,8.2,6.9,5.6,6,4.8,5.8,5,3,5,5.5,8.4,6.5,5.2,6.1,6.5,3.6,6.5,4.7,4.5,2.8,6.2,4.5,7.2,6.8,7,4.7,3.5,5.7,5.4,5.1,6.4,6.9,6.2,3,5.1,6.8,4,4.2,4.8,6.1,8.3,4.4,4.3

19940801,6.4,6.3,6.9,5.1,8.4,3.9,5.7,4.5,7.7,6.7,5,5.8,4.8,5.5,4.8,3.2,5,5.1,8.2,5.9,5.1,5.8,5.5,3.6,6.3,4.9,4.5,2.4,5.9,4.5,6.6,6.4,6.6,4.5,3.4,5.2,5.4,5,6.1,6.6,6.3,3.1,5,6.5,4.1,4,4.8,6.1,8.2,4.2,4.1

19940901,5.7,6.4,6.5,4.7,8.1,3.6,5.4,4.3,7.6,6.5,4.8,5.9,4.6,5,4.3,3.1,4.7,5,7.7,5.8,4.9,5.8,5.2,3.7,5.6,4.5,4.4,2.3,6,4.2,6.4,6.2,6.3,4.1,2.9,4.9,5.1,4.2,5.8,6.3,5.8,3,4.6,6.2,3.6,4,4.6,5.7,7.5,3.7,3.9

19941001,5.8,6.8,6.1,4.4,7.9,3.4,5.1,4.1,7.5,6.1,4.8,5.6,4.7,5,4.4,3,4.6,4.7,7.5,5.9,4.8,5.4,4.9,3.3,5.7,4.1,4.6,2.3,5.7,3.9,6.2,6,6.2,4,2.7,4.5,5.1,4.3,5.6,6.2,5.5,2.8,4.3,5.8,3.6,3.6,4.3,5.6,7.4,3.6,4

19941101,5.5,7.3,5.5,4.4,7.8,3.5,5.4,3.7,7.7,5.8,4.3,5.4,5.3,4.6,4.1,3,4.6,4.6,7,6.3,4.7,5.3,4.5,3.3,5.3,4.4,5.1,2.1,5.7,4,6,6,6,4,3,4.2,4.9,4.6,5.5,6,5.2,3,4.1,5.7,3.5,4,4.2,6.2,7.3,3.5,4.4

19941201,5.3,7.5,5.1,4.7,7.3,3.4,5.1,3.6,7.7,5.2,4,4.7,5.7,4.5,4,3.5,4.4,4.6,6.6,6.3,4.5,5.3,4.5,3.7,5.3,4.5,5.6,2.4,5.6,4,5.8,5.9,5.8,3.5,3.5,4.1,4.8,4.5,5.2,5.9,4.9,3.1,4.1,5.4,3.4,3.9,4.1,6.1,7.5,3.3,4.7

19950101,6.6,8.5,5.9,5.7,8.5,4.3,6.3,4.6,8.7,5.9,4.9,5.5,6.9,5.7,4.9,4.3,5.4,6,7.9,7.7,5.4,6.4,6,4.9,6.8,5.6,6.6,3.1,6.6,4.8,7,6.8,7,4.5,4.5,5.3,5.4,5.7,6.5,7.9,5.8,3.8,5.4,6.4,4.1,5.1,5,7.1,8.6,4.5,6

19950201,6.3,8.6,5.1,5.7,8.1,4.1,6.1,4.5,8.7,5.1,4.4,5.2,6.5,5.5,4.8,4,4.8,6.1,6.9,7.5,5.2,5.9,5.7,4.5,5.9,5.6,7.2,2.8,6.1,4.8,6.8,6.5,6.7,4.4,4.3,4.9,5.1,5.8,6.4,7.6,5.2,3.5,4.9,5.9,4.1,5,4.6,7.3,9,4.7,5.8

19950301,5.8,8.1,5.2,4.8,8,4.1,5.7,4.3,8.5,5,4.3,5.3,6.3,5.3,5.1,3.9,4.8,5.5,6.9,7.2,5,5.7,5.9,4.4,5.9,5.4,6.3,2.7,5.8,4.6,6.6,6.5,6.6,4.1,4,4.8,4.6,5.3,6.1,7.2,4.6,3.4,4.9,5.7,3.7,4.9,4.5,6.7,8.2,4.6,5.5

19950401,5.8,7.4,5.2,4.5,8,3.9,5.5,4.1,8.2,5.2,4.8,5.6,5.7,5.5,5,3.5,4.5,5.2,7,6.6,5,5.3,5.6,4.1,5.8,5,5.6,2.6,5.7,4,6.4,6.3,6.4,4.1,3.4,4.6,4.2,5.1,5.8,6.4,4.7,3,5.1,5.9,3.5,4.6,4.4,6.4,7.9,4.2,5

19950501,5.8,7,5.1,4.6,7.6,3.9,5.5,3.8,8.6,5.3,4.8,5.8,4.9,5.1,4.8,3.2,4.4,5.4,7,5.9,5,5.2,5.3,3.4,6.3,4.8,5.1,2.7,5.4,3.8,6.5,6.2,6.2,4.3,2.8,4.4,4.6,4.6,5.9,6.2,4.8,2.9,4.9,5.8,3.4,4.2,4.6,6.3,7.8,3.7,4.7

19950601,6.7,7.3,5.7,5,7.8,4.4,5.7,4.6,9.6,5.8,5.3,6.6,4.9,5.2,4.7,3.5,4.6,5.7,8,5.7,5.4,5.5,5.7,3.8,7.3,5,5.6,2.9,5.7,3.9,6.6,7.1,6.2,4.6,3.6,4.8,4.9,4.8,6,6.2,5.5,2.9,5.7,6.5,4,4.2,4.7,6.3,8,3.9,4.5

19950701,6.6,6.3,5.7,5.2,8.3,4.2,5.8,4.3,9.2,6.1,5.6,6.4,4.8,5.3,4.6,3.1,4.7,5.7,7.5,5.5,5.1,5.5,6.1,3.5,6.8,4.9,5,2.9,5.7,3.9,6.9,6.9,6.5,4.8,3,5,4.5,4.8,6.1,6.4,5.5,2.9,5.6,6.5,3.6,4.1,4.6,6.2,7.7,3.6,4.2

19950801,6.4,6,5.8,4.7,7.8,4,5.5,4.3,9,6,5.1,6.3,4.9,5.2,4.4,3.2,4.3,5.4,7.2,4.9,5,5.1,5,3.2,6.6,4.6,5.1,2.4,5.3,3.9,6.3,6.5,6.3,4.3,2.8,4.8,4.4,4.6,5.8,6.1,5.4,2.9,5.6,6.3,3.7,3.9,4.6,6.4,7.8,3.4,4.1

19950901,6,6.5,5.6,4.5,7.7,3.9,5.1,4.3,9,6,5,6.4,4.6,4.8,4,3.1,4.1,5.3,6.8,4.9,4.9,5.2,4.7,3.4,6.1,4.3,4.8,2.4,5.3,3.7,6.1,6.4,6.2,4,2.4,4.7,4.5,4.1,5.5,5.8,5.4,2.7,5.3,6.2,3.2,3.9,4.5,5.9,7.3,3.1,4.1

19951001,5.5,6.8,5.2,4.2,7.5,3.7,4.8,4.4,8.7,5.6,4.9,6.1,4.6,4.7,4.1,3,3.8,4.9,6.4,4.9,4.8,4.6,4.3,3,5.8,3.7,5.1,2.4,5,3.4,5.8,6.4,6,4,2.3,4.6,4.5,4.3,5.3,5.5,5.2,2.6,4.9,5.9,3.1,3.6,4.3,5.8,7.1,3.1,4.2

19951101,5.2,7.5,4.9,4.4,7.7,3.9,4.9,4.2,8.7,5.4,4.6,5.8,5.4,4.7,4.3,3.1,3.8,5,6.2,5.5,4.9,4.6,4.5,3.2,5.6,3.8,5.6,2.3,5.1,3.5,5.9,6.6,6,4.3,2.7,4.8,4.3,4.9,5.6,5.3,5.2,2.9,4.8,6,3,4.2,4.3,6.5,7.5,3.4,4.7

19951201,5,7.9,4.9,4.8,7.3,3.9,4.8,4.4,8.4,5.1,4.4,5.4,5.5,5,4.3,3.5,3.6,4.8,6.1,5.5,4.7,4.6,4.4,3.7,5.7,4,5.8,2.6,5.1,3.4,6,6.6,6,4.2,3,4.9,4,5,5.4,5.3,5.2,3.2,4.7,5.7,2.8,3.9,4.2,6.4,7.5,3.4,4.8

19960101,5.7,9,5.8,6,8.5,4.8,6.1,5.8,9,5.5,4.9,6.3,6.8,6.2,5.3,4.4,4.6,6.4,7.5,6.5,5.9,5.7,5.8,4.9,6.9,5.3,6.9,3.3,5.9,4.4,7.1,7.7,6.9,5.4,3.9,6.2,5.1,6.3,6.8,7.1,6,3.8,6,6.6,3.6,5.2,5.3,7.5,9.3,4.5,6

19960201,5.7,9,5.2,5.8,8.1,4.6,5.9,5.6,8.7,5.1,4.6,6.1,6.8,5.9,4.9,4.3,4.3,6.3,6.4,6.8,5.6,5.2,5.3,4.5,6.4,5.3,6.6,3.1,5.5,4.4,6.9,7.5,6.8,4.9,3.8,5.6,4.9,6.5,6.4,6.8,5.7,3.7,5.5,6.1,3.8,5,4.7,7.2,9.2,4.8,5.6

19960301,5.4,8.7,5.3,5.3,8,4.6,5.5,5.5,8.7,5,4.6,6.1,6.5,5.6,4.8,4.1,4.5,5.8,6.5,6.4,5.3,5,5.6,4.8,6.3,5.3,6.5,3,5.4,4.3,6.8,7.4,6.8,4.6,3.7,5.4,4.1,6.3,6.2,6.3,5.4,3.8,5.2,5.9,3.6,5,4.5,6.8,8.4,4.4,5.8

19960401,5,8.1,5.3,5,7.5,4.2,5.2,4.9,8.1,4.8,4.3,6.2,5.8,5.3,4.3,3.5,4.1,5.2,6.3,5.9,4.9,4.4,4.8,4.4,5.8,4.8,5.6,2.7,5.2,3.8,6.3,7.1,6.4,4.3,3.3,4.8,3.7,5.8,5.5,5.3,5.5,3.1,4.8,5.6,3.3,4.8,4.3,6.2,7.7,4,5.3

19960501,5,7.4,5.5,5.2,7.1,4.3,5.4,4.5,8.6,5.1,4.6,6.1,4.8,5.4,4.4,3.3,4.3,5.2,6.6,5.2,5,4.4,4.9,3.7,6.4,4.9,4.9,2.7,4.9,3.7,6.2,7.1,6.3,4.5,2.6,4.8,4.1,5.4,5.6,5.1,5.7,3.1,4.7,5.6,3.3,4.2,4.5,6.4,7.3,3.5,4.6

19960601,5.7,7.5,5.8,5.5,7.1,4.8,5.5,5.1,9,5.3,4.8,6.9,4.7,5.5,4.1,3.5,4.5,5.3,7.5,4.9,5.1,4.5,5,4.1,6.8,4.8,5.3,3,5.2,3.9,5.9,7.9,6,4.4,3.2,4.9,4.1,5.5,5.5,5.1,6.2,3.1,5.1,6,3.8,4.3,4.6,5.9,7.2,3.8,4.7

19960701,5.6,6.7,6.2,5.8,7.6,4.5,5.7,5.2,8.9,5.7,5.1,6.5,4.6,5.6,4.2,3.3,4.6,5.4,7.3,4.8,5.2,4.6,5.7,4,6.3,5.1,4.7,3.1,5.2,3.8,6.4,7.8,6.4,4.7,2.7,5.1,3.9,5.7,5.6,5.4,6.1,3,5.3,6,3.6,4.1,4.7,5.8,6.9,3.6,4.4

19960801,5.1,6.3,6.1,5,6.8,4.1,5.3,5.3,8.5,5.3,4.5,6.3,4.6,5,3.6,3.2,4.3,4.7,6.8,4.2,4.8,4,4.5,3.5,5.7,4.6,4.5,2.5,4.8,3.8,5.7,7.2,5.8,3.9,2.6,4.5,3.7,5.4,5,5.2,5.9,2.9,4.7,5.4,3.6,3.9,4.2,5.6,6.9,3.1,4.3

19960901,4.9,6.5,5.9,4.9,6.7,3.9,5.3,5.3,8.3,5.3,4.6,6.4,4.3,4.8,3.4,3.1,4.1,4.9,6.5,4.2,4.8,4.2,4.4,3.6,5.4,4.3,4.3,2.4,4.9,3.6,5.7,6.8,5.7,3.7,2.1,4.6,3.7,4.9,4.7,4.9,5.9,2.7,4.8,5.4,3.1,3.9,4.3,5.3,6.6,2.8,4.2

19961001,5,6.9,5.5,4.6,6.6,3.7,5.2,5.2,8,5,4.7,6,4.3,4.6,3.2,3,4,5.1,6.2,4.2,4.7,3.7,4.1,3.2,5.6,4,4.4,2.3,4.5,3.4,5.5,6.7,5.7,3.7,1.9,4.5,3.9,5.2,4.7,4.8,5.7,2.6,5.1,5.2,3.1,3.5,4.1,5.1,6.7,2.7,4.3

19961101,5,7.4,5.2,4.8,6.9,3.8,5.5,4.7,7.8,4.9,4.6,6.5,5.2,4.6,3.3,3.2,4,5.6,6,4.7,4.7,3.8,4.2,3.4,5.3,4.5,4.8,2.3,4.4,3.5,5.7,6.7,6,3.9,2.4,4.9,3.9,5.7,4.9,4.7,5.7,2.9,5.6,5.5,3,4.1,4.1,5.5,6.9,3,4.9

19961201,4.7,7.8,5,5.2,6.5,3.6,5.3,4.6,7.6,4.6,4.7,5.7,5.2,4.9,3.3,3.5,3.7,5.7,5.7,4.8,4.6,3.8,4.5,3.6,5.4,4.6,5.2,2.4,4.5,3.3,5.6,6.5,6.1,3.6,2.9,4.9,3.9,5.7,4.7,4.8,5.6,3.1,5.2,5.2,2.8,3.8,4.1,5.5,7.1,3.1,5.1

19970101,5.6,8.6,5.4,6.2,7.5,4.4,6.4,5.4,8,5.2,5.3,6.2,6.7,5.9,3.9,4.4,4.7,6.8,6.7,6.1,5.5,4.9,5.5,4.5,6.6,5.5,6.5,3.2,5.2,4.1,6.5,7.3,7.3,4.5,3.7,6,4.9,6.9,5.9,6.6,6,3.8,6.3,6,3.5,4.9,5,6.1,8.4,4.4,6.4

19970201,5.6,8.8,5,5.9,7.2,4,6.2,5,7.9,4.8,5.2,6.1,6.4,5.6,3.9,4.1,4.3,6.8,5.8,6.4,5.5,4.6,5.1,4,6.1,5.3,6.1,3,4.8,4.1,6.2,7,7.2,4.4,3.4,5.8,4.4,6.9,5.9,6.2,5.7,3.4,6,5.9,3.6,4.7,4.8,6.1,8.6,4.6,5.9

19970301,5,8.4,4.7,5.4,7,4,5.8,4.5,7.6,4.8,4.9,6.1,6.2,5.3,4,3.8,4.1,6.3,6,6.1,5.2,4.4,5,4.1,5.9,4.9,6.3,2.7,4.6,4,5.9,6.9,7,3.9,3.4,5.4,4.1,6.8,5.7,5.8,5,3.5,5.8,5.7,3.3,4.7,4.6,5.7,7.8,4.5,5.7

19970401,4.5,7.8,4.3,4.9,6.4,3.3,5.3,4,6.9,4.5,4.4,6.1,5.6,4.6,3.3,3.2,3.6,5.2,5.6,5.7,4.8,3.9,4.1,3.6,5,4,5.6,2.4,4.4,3.5,5.1,6.3,6.4,3.4,3.1,4.5,3.6,5.9,5.1,5,4.5,2.9,5,5.1,2.9,4.5,4,5,7,3.9,5.3

19970501,4.5,7.1,4.3,5,5.9,3.3,5.3,3.6,7.3,4.6,4.4,6.2,4.6,4.3,3.4,2.8,3.6,5.3,6.1,5,4.8,3.8,3.9,2.9,5.5,3.9,4.8,2.4,4.1,3.2,5.1,6.2,6.3,3.6,2.9,4.1,4.1,5.1,5.2,4.8,4.4,2.8,4.7,5.1,3,3.8,4,4.8,6.5,3.3,4.5

19970601,5.7,7.2,4.8,5.5,6.3,3.7,5.4,4.3,8.2,5.1,4.9,7,4.6,4.8,3.6,3.1,4,5.6,7.3,4.8,5.2,4.2,4.4,3.5,6.5,4.4,5.2,2.8,4.5,3.4,5.3,7,6.5,4,3.3,4.5,4.5,5.5,5.5,4.9,5.2,2.9,5.8,5.9,3.6,3.9,4.2,4.8,6.7,3.8,4.6

19970701,5.5,6.3,4.8,5.7,6.5,3.4,5.2,4,8.3,5.1,4.7,6.6,4.4,4.6,3.4,2.6,3.8,5.3,6.6,4.7,5,4.1,4.8,2.9,6,4.2,4.8,2.7,4.5,3.2,5.6,6.7,6.6,4,2.5,4.3,4.1,5.5,5.4,5.3,4.7,2.7,5.6,5.6,3.3,3.6,3.8,4.6,6.3,3.4,4.2

19970801,5.5,5.9,4.8,5.1,6.1,3.2,4.7,3.8,8.2,5.1,4.5,6.3,4.7,4.5,3.6,2.8,3.7,5,6.4,4,4.8,3.7,3.8,2.9,6,4.2,4.7,2.3,4.2,3.2,5,6,6.3,3.7,2.3,4.1,4,5.4,5,5.1,4.6,2.8,5.4,5.3,3.4,3.4,3.7,4.6,6.4,3.2,4

19970901,5.1,6.1,4.6,4.9,6.1,3.1,4.3,3.6,8.5,5,4.4,6.6,4.3,4.5,3.4,2.7,3.6,4.9,6,4.1,4.9,3.8,3.9,3,5.7,4.2,4.5,2.2,4.3,3,4.9,5.7,6.2,3.4,1.9,4.4,4,4.9,4.7,4.7,4.3,2.5,5.3,5.2,3,3.4,3.4,4.3,6,3,3.8

19971001,4.7,6.3,4.3,4.5,5.8,2.9,4,3.4,8.4,4.5,4.1,6,4.3,4.3,3.3,2.5,3.4,4.4,5.6,4.2,4.6,3.2,3.5,2.6,5.6,3.8,4.7,2.1,4,2.7,4.6,5.5,5.9,3.3,1.6,4.1,3.9,4.9,4.4,4.6,3.7,2.4,4.7,4.8,3,3.1,2.9,4.1,5.9,2.7,3.9

19971101,4.2,6.6,4,4.6,5.8,3.2,3.9,3,8.4,4.3,3.9,6,4.8,4.3,3.2,2.5,3.2,4.3,5.1,4.7,4.6,3.2,3.5,2.5,4.7,3.7,5.2,1.9,4,2.8,4.4,5.6,5.7,3.4,2,4.2,3.7,5.1,4.4,4.4,3.4,2.7,4.4,4.6,2.8,3.5,2.7,4.3,6.2,2.9,4.4

19971201,4,6.7,3.9,5.1,5.8,3.2,3.5,3.2,8.4,4.2,4.1,5.6,5.2,4.7,3.3,3,3.2,4.2,5,4.9,4.6,3.3,3.8,2.7,4.9,4,5.6,2.2,4.2,2.7,4.5,5.6,5.8,3.4,2.5,4.3,3.7,5.1,4.2,4.5,3.4,2.9,4.3,4.5,2.8,3.4,2.8,4.5,6.5,3,4.7

19980101,4.5,7.5,4.5,6.2,6.6,4,4.5,4.3,9.2,4.7,4.6,5.9,6.6,5.4,3.8,3.7,4,5.2,5.9,6.2,5.3,4.2,4.8,3.7,6,5.1,6.8,2.9,5.1,3.4,5.5,6.6,6.7,4.2,3.3,5.2,4.3,6.4,5.3,6.1,4,3.6,4.9,5.2,3.7,4.4,3.5,5.6,7.5,3.9,5.7

19980201,4.4,7.6,4.1,5.9,6.3,3.9,4.4,4.4,9.2,4.3,4.6,5.8,6.4,5.1,3.6,3.4,3.5,5.3,5,5.8,5.1,3.9,4.5,3.4,5.4,5.1,6.5,2.7,4.8,3.4,5.5,6.3,6.6,4.1,3.3,4.9,4.3,6.3,5.3,5.6,3.8,3.3,4.5,4.9,3.8,4.1,3.4,5.5,7.9,4.1,5.4

19980301,4.3,7.2,4.2,5.6,6.5,4,4.1,4.1,9,4.4,4.6,6,6.3,5,3.7,3.3,3.8,5.2,5.4,5.5,4.9,3.8,4.6,3.5,5.7,5.1,6.6,2.7,4.7,3.2,5.5,6.4,6.4,3.9,3.5,4.8,4.2,6.3,5.3,5.4,3.3,3.4,4.8,5,3.9,4.1,3.3,5.3,7.8,4.1,5.4

19980401,3.5,6.5,3.9,4.9,5.7,3.5,3.5,3.7,7.9,3.9,3.8,5.6,5.4,3.9,2.5,2.7,3.2,4.2,5.1,4.6,4.2,3,3.1,2.6,4.6,4.2,5.6,2.2,4.4,2.7,4.5,5.8,5.4,3.1,2.8,3.6,3.7,5.6,4.1,4.6,2.8,2.7,3.8,4.4,3.5,3.7,2.5,4.3,6.7,3,4.8

19980501,3.9,6.2,4,5,5.5,3.6,3.4,3.4,8.2,4.1,4,6.1,4.5,3.9,2.7,2.4,3.4,4.5,5.6,4.2,4.3,3.1,3.3,2.2,5.2,4.2,5,2.3,4.1,2.6,4.5,6,5.3,3.3,2.3,3.8,4.2,5.3,4.5,4.4,3.2,2.6,3.8,4.6,3.5,3.2,2.7,4.4,6.4,2.9,4.4

19980601,5,6.5,4.5,5.3,5.9,4,3.6,4.1,8.9,4.6,4.7,6.9,4.7,4.7,3,2.7,3.8,5,7,4.1,4.7,3.5,4.1,2.7,6,4.5,5.5,2.8,4.5,2.8,4.6,6.9,5.3,3.6,3.2,4.4,4.8,5.8,4.8,4.4,4.1,2.8,4.5,5.5,4.1,3.4,3.1,4.7,6.8,3.6,4.6

19980701,4.9,5.5,4.7,5.4,6.2,3.8,3.6,4,8.8,4.7,4.7,6.5,4.5,4.1,2.9,2.4,3.9,4.6,6.6,4.3,4.7,3.4,4.9,2.4,5.6,4.5,4.8,2.8,4.3,2.7,4.8,6.5,5.6,3.6,2.7,4.6,4.7,5.7,4.8,4.6,4,2.6,4.4,5.3,4,3.2,3,4.6,6.3,3.4,4.2

19980801,4.8,5.2,4.8,5,5.9,3.6,3.2,3.7,8.5,4.7,4.2,6.2,4.5,4.4,3,2.6,3.7,4.4,6.4,3.7,4.4,3,3.5,2.3,5.3,4.1,4.8,2.5,4,2.7,4.2,6,5.2,3.5,2.8,4.2,4.3,5.7,4.5,4.5,4.3,2.5,4.4,5.1,4,3.1,3,4.7,6.4,3.2,4.1

19980901,4.6,5.5,4.6,4.9,5.8,3.5,3,3.5,8.5,4.6,4.2,6.6,4.3,4.3,3,2.4,3.4,4.4,6,3.7,4,3.2,3.6,2.7,5.1,3.5,4.7,2.4,3.9,2.6,4.2,5.7,5.3,3.1,2.4,4.2,4.3,5.3,4.3,4.1,4,2.3,4.4,5.1,3.5,3,2.9,4.6,5.9,3,4.1

19981001,4.6,5.8,4.3,4.6,5.8,3.3,2.8,3.4,8.1,4.3,4.2,6.1,4.3,4.2,2.9,2.3,3.3,4.1,5.4,3.9,4,2.8,3.4,2.1,5.1,3.3,5,2.4,3.6,2.5,4,5.6,5.3,3.2,2.3,4.1,4.3,5.4,4.3,4,4,2.3,4.2,4.7,3.4,2.7,2.7,4.4,5.8,2.9,4.2

19981101,4.3,6.3,4,4.5,5.7,3.3,2.8,2.9,7.7,4,3.9,6,4.8,4.1,3,2.4,3.3,4.2,5,4.1,3.8,2.8,3.4,2.3,4.5,3.2,5.5,2.4,3.6,2.7,3.9,5.6,5.1,3.1,2.7,4.1,4,5.6,4.2,3.8,3.9,2.7,4,4.5,3.2,3,2.5,4.7,5.9,3.1,4.7

19981201,4.1,6.5,4,4.8,5.4,3.1,2.4,2.8,7.1,3.6,3.7,5.5,5.2,4.1,3,2.8,3,4.2,4.8,4,3.5,2.9,3.7,2.5,4.7,3.2,5.7,2.6,3.7,2.6,3.9,5.4,5.1,2.7,3.3,4,3.9,5.6,4,3.9,3.7,2.7,3.9,4.3,3.2,2.8,2.4,4.8,6,3,4.8

19990101,4.7,7.5,4.7,5.7,6.1,3.6,3.5,3.9,7.5,4.1,4.2,5.9,6.3,4.7,3.4,3.8,3.6,5.4,5.6,4.9,4.2,3.9,4.6,3.3,5.7,3.6,6.7,3.3,4.3,3.3,4.8,6.3,5.9,3.5,4.2,4.9,4.5,6.6,5.1,5.7,4.4,3.4,4.8,4.9,3.9,3.9,3,5.6,7.4,4,6

19990201,4.9,8,4.5,5.3,5.9,3.4,3.5,3.9,7.3,4,4.4,5.6,6.2,4.7,3.5,3.2,3.3,5.4,4.9,5.1,4.2,3.6,4.7,3.1,5.2,3.9,6.5,3,4.1,3.3,5,6.1,6.1,3.6,4.3,4.9,4.3,6.6,5,5,4.5,3.2,4.7,4.8,4,3.7,3,5.8,7.6,4.2,5.6

19990301,4.5,7.5,4.4,4.7,5.7,3.3,3.1,3.6,6.8,3.7,3.9,5.6,6.1,4.2,3.1,3,3.3,5,4.6,4.8,3.8,3.4,4.3,3.1,5.1,3.6,6.3,2.9,3.9,3.1,4.9,6,5.5,3,4.2,4.4,3.8,6.3,4.7,4.6,3.8,3.3,4.3,4.4,3.9,3.6,2.8,5.2,7.5,3.8,5.5

19990401,4.3,6.9,4.4,4.4,5.3,3,3,3.4,6,3.7,3.9,5.4,5.4,4.2,2.8,2.5,3,4.4,4.5,4.1,3.5,3.1,3.6,2.7,4.5,3.4,5.4,2.6,3.9,2.6,4.7,5.5,5.1,2.8,3.4,4.2,3.3,5.6,4.1,3.8,4,2.6,3.7,4.4,3.5,3.1,2.6,4.7,6.8,3.2,4.9

19990501,4.2,6.6,4.3,4.5,4.7,2.9,2.9,3,6.1,3.7,3.6,5.4,4.5,4.1,2.8,2.3,3,4.5,4.6,4,3.5,3,3.5,2.4,4.9,3.2,4.8,2.7,3.8,2.5,4.6,5.5,4.9,3,2.9,3.9,3.5,5.1,4.2,3.8,3.9,2.6,3.4,4.5,3.6,2.7,2.7,4.8,6.4,2.8,4.6

19990601,5.3,6.6,4.7,4.9,5.2,3.4,3,3.7,6.7,4.1,4.1,6.2,4.5,4.8,3.1,2.6,3.5,4.8,5.9,3.9,3.8,3.4,4,3.1,5.6,3.9,5.1,3.1,4.3,2.7,5,6.5,5.2,3.2,3.6,4.6,3.8,5.6,4.6,3.9,4.5,2.7,3.9,5.2,4.1,3,2.9,5,6.5,3.3,4.6

19990701,5.1,5.7,4.9,5,5.5,3.2,3,3.5,6.6,4.3,4.2,5.6,4.3,4.8,2.9,2.4,3.7,4.6,5.7,3.6,3.7,3.5,4.2,2.9,5.3,3.8,4.6,3.1,4.3,2.6,5.3,5.9,5.4,3.5,3.2,4.6,3.3,5.5,4.7,4.3,4.4,2.6,4,5.1,3.9,2.9,2.9,4.8,6.1,3,4.1

19990801,5.2,5.2,4.9,4.4,5,3,2.5,3.4,6.3,4.2,4,5.3,4.5,4.5,3,2.5,3.4,4.2,5.5,3.2,3.5,3,3.2,2.6,5.1,3.4,4.6,2.7,4,2.6,4.5,5.4,5,3.2,2.9,4.1,3.1,5.4,4.4,4.1,4.6,2.7,4,4.7,3.9,2.6,2.9,4.7,6.3,2.7,4

19990901,5,5.4,4.6,4.2,5,2.9,2.5,3.3,6.2,4.1,4,5.4,4,4.2,2.9,2.2,3.3,4.2,5.4,3.3,3.3,3.2,3.2,2.7,5,2.9,4.4,2.6,4.1,2.5,4.3,5.1,5,3.1,2.5,4.2,3.2,4.9,4.2,3.8,4.6,2.4,4,4.8,3.3,2.6,2.8,4.5,5.9,2.5,3.9

19991001,4.7,5.7,4.2,3.9,4.9,2.7,2.5,3.3,5.8,3.8,3.8,5,4,4,2.8,2,3,3.9,5.1,3.3,3.2,2.7,3,2.1,5.2,2.3,4.6,2.5,3.7,2.3,3.9,4.9,4.8,3.1,2.3,3.9,3.2,4.8,3.9,3.7,4.4,2.2,3.7,4.5,3.1,2.3,2.5,4.2,5.7,2.4,4

19991101,4.5,6.2,4,3.9,4.9,2.8,2.6,3,5.7,3.7,3.5,4.9,4.5,4,3.1,2,3.1,3.8,4.6,3.6,3.2,2.7,3.1,2.4,4.7,2.7,4.9,2.5,3.7,2.6,3.7,4.9,4.7,3.3,2.7,3.9,3.1,4.8,3.9,3.6,4.2,2.5,3.6,4.5,2.7,2.6,2.5,4.6,5.7,2.8,4.2

19991201,4.4,6.4,3.7,4.3,4.7,2.7,2.3,3.1,5.4,3.3,3.5,4.4,4.7,4.1,3.1,2.5,3,3.8,4.4,3.7,3,2.7,3.2,2.7,5.1,2.8,5.2,2.6,3.7,2.4,3.5,4.8,4.5,3,3.1,3.9,3.1,4.8,3.7,3.6,3.8,2.5,3.5,4.2,2.6,2.4,2.4,4.7,5.6,2.7,4.3

20000101,5.1,7.4,4.2,5.1,5.4,3.2,3.3,4.1,5.9,3.7,3.8,4.7,6,4.7,3.6,3.4,3.7,4.7,5.5,4.5,3.7,3.6,3.8,3.9,6.1,3.5,6.3,3.2,4.5,3.2,4.2,5.4,5.3,3.7,4,4.8,3.5,5.8,4.7,5.2,4.3,3.1,4.3,4.8,3.4,3.4,2.9,5.7,6.5,3.8,5.1

20000201,5.1,7.5,3.9,5,5.4,3.1,3.2,4.1,5.7,3.5,3.7,4.4,5.8,4.8,3.8,3.2,3.6,5.1,4.8,4.4,3.8,3.3,3.7,3.7,5.8,3.9,6,3.1,4.2,3.2,4.3,5.2,5.3,3.8,3.8,4.7,3.5,5.9,4.7,4.8,4.1,2.9,4.2,4.7,3.5,3.2,2.9,5.9,6.9,4.2,4.7

20000301,4.5,7.2,3.9,4.5,5.4,3,2.9,3.9,5.5,3.5,3.8,4.3,5.6,4.6,3.8,2.8,3.7,4.6,4.9,4.2,3.5,3.1,3.8,3.8,5.7,3.9,5.9,3,4.1,3,3.9,5.1,5,3.5,3.8,4.4,3.2,5.7,4.4,4.4,3.5,2.8,4,4.6,3.3,3.1,2.6,5.5,6,4.2,4.4

20000401,3.8,6.7,3.6,4,4.8,2.5,2.3,3.6,4.7,3.3,3.3,4.2,4.9,4,3,2.4,3.2,3.7,4.4,3.6,3.2,2.4,2.9,2.9,4.9,3,5.1,2.7,3.9,2.6,3.3,4.7,4.3,3,3.1,3.7,2.6,5,3.6,3.7,3.2,2.2,3.3,4,2.9,3,2.1,4.8,5.4,3.4,3.9

20000501,4.1,6.4,3.8,4.2,4.8,2.5,2.4,3.4,5,3.6,3.7,4.2,4.1,4.1,3.2,2.3,3.4,4.1,5,3.3,3.6,2.5,3.4,2.8,5.6,3.3,4.5,2.8,3.8,2.5,3.5,4.8,4.4,3.5,2.5,3.7,3.1,4.9,4,3.9,3.6,2.3,3.5,4.3,3.2,2.5,2.4,5,5.4,3.3,3.6

20000601,4.9,6.4,4.3,4.4,5,3,2.5,4,5.6,4,4,4.8,4.2,4.5,3.3,2.5,3.6,4.2,6.1,3.1,3.9,2.8,3.8,3.1,6.1,3.4,4.9,3,4.1,2.7,3.5,5.6,4.3,3.7,3.3,4.2,3.4,5,4.3,4,4.1,2.4,4.1,4.7,3.7,2.8,2.4,5,5.6,3.9,3.7

20000701,4.9,5.5,4.4,4.5,5.3,2.9,2.6,3.9,5.8,4.1,3.9,4.3,4.1,4.5,3.3,2.3,3.9,4.2,5.7,3,3.8,2.8,4.6,2.9,5.7,3.5,4.4,3,4.1,2.6,4.1,5.2,4.6,3.8,2.7,4.3,3,5.1,4.3,4.4,3.9,2.2,3.9,4.5,3.6,2.7,2.4,5.1,5.1,3.7,3.4

20000801,5,5.2,4.5,4.1,5,2.8,2.3,3.9,5.7,4.2,3.9,4.2,4.3,4.5,3.1,2.5,3.8,3.9,5.8,2.6,3.8,2.5,3.7,2.9,5.3,3.8,4.4,2.7,4,2.6,3.8,4.9,4.5,4,2.8,4,3,5.2,4.2,4.2,4.2,2.3,4.2,4.4,3.7,2.6,2.4,5.2,5.2,3.5,3.4

20000901,4.5,5.6,4,3.8,4.6,2.6,1.8,3.6,5.9,3.9,3.5,4.3,3.9,4,2.3,2.3,3.6,3.8,5.5,2.7,3.5,2.5,3.4,3,4.8,3.6,4.2,2.6,4.3,2.4,3.6,4.6,4.3,3.5,2.2,3.7,2.9,4.4,3.8,3.7,3.7,2.1,3.8,4.2,3.2,2.7,2.1,4.7,4.8,3,3.4

20001001,4.5,5.8,3.8,3.5,4.5,2.4,1.7,3.5,5.9,3.6,3.3,4,4,3.8,2.2,2.3,3.6,3.7,5.3,2.7,3.4,2.1,3.1,2.7,5,3.5,4.3,2.6,4.2,2.3,3.4,4.6,4.2,3.7,2,3.4,2.9,4.7,3.8,3.6,3.4,2,3.6,3.9,3.2,2.3,1.8,4.6,4.8,2.8,3.4

20001101,4.4,6.3,3.5,3.9,4.7,2.6,1.9,3.3,5.9,3.5,3,4,4.6,4.2,2.7,2.6,3.6,4.1,5.4,3.2,3.5,2.3,3.4,3,4.8,3.6,4.7,2.6,4.4,2.4,3.5,4.6,4.3,3.9,2.6,3.4,2.8,4.8,4,3.6,3.4,2.6,3.9,3.9,3.2,2.8,1.8,5.2,5,3.2,4

20001201,4.2,6.5,3.5,4.1,4.4,2.5,1.8,3.5,5.7,3.3,3,3.6,5,4.4,2.9,2.9,3.3,4,5.2,3.1,3.3,2.4,3.7,3.1,4.7,4,4.8,2.6,4.4,2.4,3.3,4.4,4.1,3.9,2.9,3.4,2.6,4.7,3.8,3.6,3.7,2.6,3.6,3.5,3.2,2.6,1.8,5.3,5.1,3.3,3.9

20010101,5.2,7.5,4.3,5.3,5.3,3.2,3.3,4.6,6.4,3.9,3.8,4.1,5.9,5.4,4.1,3.9,4.5,5.2,6.4,4,3.9,3.7,5.3,4.1,5.5,5,5.8,3.4,5.1,3.2,4.2,5.3,4.8,4.9,3.6,4.5,3.2,6,5,5.2,4.6,3.2,4.5,4.3,4.1,3.7,2.6,6.3,6.1,4.5,4.8

20010201,5,7.4,3.9,5.3,5.1,3.2,3.3,4.4,6.3,3.7,3.7,4,5.9,5.4,4,3.7,4.2,5.3,5.3,4.3,3.9,3.5,5.1,4,5.1,5.1,5.5,3.3,4.9,3.3,4.1,5.1,4.7,5,3.6,4.3,3.5,6.3,5,4.9,4.8,3.3,4.2,4.1,4.3,3.6,2.7,6.6,6.2,5.1,4.4

20010301,4.7,7.1,4.1,4.9,5.3,3.3,3.2,3.8,6.1,3.9,3.7,4,5.8,5.4,4.2,3.8,4.3,5.3,5.5,4.1,3.7,3.6,5.4,4.3,5.4,5,5.5,3.2,4.8,3.3,4,5,4.5,5.1,3.6,4.1,3.4,6.3,4.8,4.9,4.6,3.4,4.3,4.3,4.4,3.7,2.8,6.4,5.7,5.1,4.4

20010401,4.2,6.7,4.1,4.6,4.9,3,2.9,3.4,5.4,3.9,3.6,4.3,5.4,5,3.7,3.2,3.7,4.7,5.1,4,3.5,3.2,4.6,3.8,4.6,4.2,4.8,2.9,4.9,3,3.6,4.6,4.1,4.8,3.1,3.8,2.8,6,4.2,4.2,4.5,3,3.9,4.3,4,3.6,2.6,5.9,5.2,4.6,3.8

20010501,4,6.4,4.1,4.8,4.6,3.1,3.1,2.9,5.8,3.9,3.4,4.1,4.5,4.7,3.6,2.8,3.8,4.7,5.2,3.8,3.6,3.3,4.6,3.2,4.9,3.9,4.1,2.9,4.6,2.9,3.7,4.6,4,5,2.4,3.5,3.2,5.6,4.5,4.3,4.7,2.9,3.6,4.4,4.1,3,2.8,5.9,4.8,4.1,3.6

20010601,5.2,6.5,5,5.2,5.2,3.7,3.4,3.5,6.8,4.5,4.1,4.9,4.6,5.4,4.1,3.2,4.3,5.1,6.3,3.7,4,3.8,5.1,3.8,5.8,4.6,4.5,3.3,5,3.3,4.1,5.5,4.3,5.4,3.2,4.3,3.9,6.1,4.9,4.5,5.6,3,4.4,5.3,4.7,3.3,3.2,6.1,5,4.8,3.8

20010701,5.1,5.6,5,5.4,5.5,3.8,3.5,3.3,6.7,4.6,4,4.4,4.5,5.2,4.1,2.9,4.4,5.2,5.7,3.7,4.1,3.9,5.5,3.5,5.5,4.5,3.9,3.3,5,3.5,4.4,5.3,4.6,5.6,2.6,4.2,3.6,6.2,4.9,5,5.4,3,4.4,5.2,4.6,3.2,3.3,5.9,4.6,4.4,3.4

20010801,5.6,5.3,5.6,4.8,5.7,4,3.4,3.3,6.6,5,4.2,4.1,4.7,5.4,4.4,3.1,4.4,5.2,5.9,3.3,4.2,3.8,5.1,3.5,5.5,4.7,3.9,3,5,3.7,4.4,4.7,4.9,5.8,2.6,4.3,3.8,6.5,4.9,4.8,5.8,3,4.8,5.4,4.8,3.1,3.6,6.2,4.7,4.3,3.3

20010901,5.3,5.5,5.5,4.6,5.5,4,3,3.2,6.6,4.8,4.2,4.4,4.4,5,4.1,3,4.2,4.9,5.8,3.5,4.2,4,4.8,3.5,5.4,4.3,3.7,2.9,5,3.7,4.3,4.7,5,5.6,2.2,4.2,3.8,6.3,4.5,4.3,5.5,2.8,4.5,5.3,4.4,3.1,3.6,5.9,4.2,3.9,3.3

20011001,5.6,5.9,5.3,4.5,5.8,4.3,2.8,3.2,6.5,5.8,4.6,5.3,4.5,5.3,4.5,3,4.2,5.2,5.9,3.6,4.4,3.7,5.1,3.4,6.1,4.5,3.9,3,5.9,3.6,4.5,4.7,5.4,6,2.2,4.4,4.2,6.7,4.8,4.2,5.7,2.9,4.9,5.4,4.4,2.8,3.8,6.1,4.2,4.1,3.4

20011101,5.8,6.5,5.3,4.8,6.2,4.9,2.9,3.1,6.6,5.9,4.6,5.6,5.3,5.7,5,3.4,4.4,5.6,5.9,4,4.5,4,5.7,3.8,6.1,4.8,4.4,3,5.9,3.9,4.8,4.8,5.7,6.5,2.7,4.8,4.3,7.4,5.1,4.3,5.6,3.1,5.5,5.7,4.4,3.5,3.9,7,4.6,4.6,3.8

20011201,5.8,6.8,5.3,5.3,6.1,5.1,2.8,3.3,6.2,5.8,4.7,4.9,5.6,6,5.2,3.8,4.2,5.6,5.9,4,4.3,4.2,6,4.3,6.5,4.9,4.6,3.2,6.1,3.9,5,4.8,5.9,6.5,3.4,5.1,4.4,7.6,5,4.3,5.8,3.5,5.6,5.6,4.8,3.4,3.9,7.3,4.8,4.8,3.9

20020101,6.5,7.8,6.1,6.4,7,5.9,3.9,4.5,6.9,6.1,5.2,5.1,7,7,6.1,4.8,5.5,6.6,6.9,5,5.1,5.5,7.2,5.4,7.4,5.9,5.5,4.1,6.7,4.9,6,5.6,6.8,7.4,4.4,6.4,4.9,9,6.3,5.9,6.3,4,6.6,6.4,5.7,4.4,4.6,8.3,6.4,6.1,4.8

20020201,6.3,8,5.7,6.1,6.8,5.7,3.9,4.5,6.8,5.7,5.1,4.6,6.9,6.8,5.9,4.6,5.2,6.5,5.8,4.9,4.8,5.3,6.7,5.3,6.9,5.8,5.3,4,6.2,4.9,6,5.6,6.8,7.1,4.4,6.2,4.8,8.7,6.2,5.5,6.1,3.9,6.1,6.1,6,4.4,4.5,8.2,6.7,6.5,4.5

20020301,6,8,5.9,5.7,6.9,5.8,3.8,4.4,6.5,5.6,5.1,4.5,6.7,6.7,5.8,4.5,5.2,6.2,5.8,4.9,4.6,5.3,7.1,5.4,6.8,6,5.5,3.9,6,4.8,6.1,5.5,6.6,7,4.5,6.2,4.6,8.5,6,5.3,5.7,4,6,6.2,5.9,4.5,4.4,8,6.4,6.4,4.6

20020401,5.3,7.6,5.9,5.4,6.6,5.4,3.8,4.2,5.8,5.5,4.9,4.3,6.1,6.5,5.3,4,4.7,5.4,5.7,4.5,4.4,5,6.2,4.9,6.3,5.3,4.6,3.6,5.8,4.4,5.7,5.3,6.1,6.8,4,5.9,4.4,7.8,5.4,4.7,5.5,3.3,5.2,6.2,5.7,4.2,4.2,7.6,6.1,5.7,4.2

20020501,5.2,7.2,5.9,5.5,6.2,5.2,4.1,3.8,6.1,5.4,4.8,4.2,5,6.3,5,3.5,4.7,5.5,5.9,4.2,4.3,5,6.1,4.1,6.5,5.1,3.9,3.5,5.4,4.3,5.6,5.4,5.9,6.6,3.4,5.5,4.6,7,5.5,4.7,5.4,2.9,4.5,6.1,5.7,3.6,4.2,7.3,6,5,3.8

20020601,6.3,7.4,6.5,5.8,6.7,5.8,4.4,4.4,6.7,5.9,5.4,4.7,5,7,5.4,4,5.2,5.8,7.1,4.2,4.7,5.5,6.7,4.7,7.2,5.8,4.4,4,5.7,4.5,5.9,6.4,6,6.9,4.1,6,4.8,7.3,5.8,4.8,6.1,2.9,5.2,6.9,6.2,3.9,4.4,7.3,6.2,5.6,3.9

20020701,6.2,6.6,6.5,5.8,6.9,5.5,4.7,4.1,6.6,6,5.2,4.2,4.9,6.9,5.2,3.7,5.5,5.6,6.4,4.1,4.5,5.5,7,4.4,6.8,5.7,3.8,3.8,5.7,4.3,6.1,6.1,6.1,6.8,3.5,6,4.5,7.2,5.7,5.2,5.7,2.8,5.1,6.7,6.1,3.8,4.3,7.1,5.8,5.3,3.5

20020801,6.2,6.3,6.7,5.2,6.7,5.4,4.7,4,6.3,5.9,5.1,3.9,4.9,6.5,5,3.8,5.2,5.4,6.4,3.6,4.4,5.3,5.8,4,6.2,5.4,3.7,3.4,5.3,4.4,5.6,5.6,5.8,6.4,3.4,5.4,4.4,7,5.4,5.1,5.9,2.9,4.8,6.5,6.1,3.8,4.3,7.1,5.7,5,3.4

20020901,5.7,6.6,6.2,4.9,6.3,5.3,4.5,3.7,6.3,5.6,4.8,4.2,4.6,5.9,4.4,3.6,4.9,5.2,6,3.8,4,5.4,5.3,4,6,4.9,3.5,3.4,5.2,4.3,5.5,5.3,5.6,5.9,3,5.1,4.4,6.5,5,4.6,5.6,2.6,4.5,6.3,5.7,3.8,3.9,6.7,5.3,4.5,3.5

20021001,5.6,6.9,6,4.6,6.4,5.2,4.6,3.7,6.3,5.3,4.8,3.8,4.6,6.1,4.5,3.5,4.9,5,5.9,3.9,4,5,5.2,3.6,6.5,4.6,3.8,3.3,5.1,4.2,5.5,5.2,5.8,6,2.9,5.1,4.6,6.7,5.1,4.5,5.6,2.7,4.4,6.1,5.6,3.4,3.8,6.6,5.2,4.4,3.6

20021101,5.8,7.4,5.9,5,6.8,5.6,4.9,3.4,6.3,5.4,4.8,3.9,5.4,6.3,4.9,3.7,4.9,5.5,6,4.5,4.3,5.2,5.7,3.9,6.3,5,4.4,3.3,5.2,4.4,5.7,5.3,6.1,6.5,3.4,5.4,4.7,7.3,5.5,4.6,5.9,3,4.8,6.4,5.5,4.1,4,7.3,5.5,4.9,4.2

20021201,5.7,7.7,5.7,5.4,6.7,5.6,4.7,3.6,6.3,5.2,4.9,3.2,5.7,6.4,4.8,4.2,4.5,5.6,6,4.6,4.2,5.2,6.1,4.3,6.6,5.2,4.6,3.5,5.3,4.2,5.6,5.2,6.3,6.5,3.8,5.6,5,7.3,5.6,4.8,5.9,3.2,5,6.2,5.4,4,4,7.4,5.7,5.1,4.5

20030101,6.2,8.7,6.1,6.4,7.3,6.4,5.8,4.7,6.9,5.5,5.2,3.9,6.8,7.3,5.5,5.2,5.7,6.7,6.9,5.6,4.7,6.3,7.3,5.5,7.3,5.9,5.6,4.4,5.8,5,6.4,6,7,6.9,4.8,6.8,5.7,8.6,6.5,6.4,7.4,4,5.8,7,6.2,5.1,4.6,8.1,6.8,6.4,5.4

20030201,6,9,5.8,6.3,7.1,6.3,5.8,4.9,7,5.2,4.9,3.7,6.6,7.1,5.6,5.1,5.4,7,6.1,5.8,4.8,6,7.4,5.2,6.6,5.8,5.3,4.2,5.4,4.8,6.3,5.8,6.9,6.7,4.7,6.9,5.7,8.7,6.5,6.1,7,4,5.7,6.8,6.3,5,4.5,8.2,7.3,6.8,5.1

20030301,5.6,8.7,5.7,5.9,7.1,6.3,5.6,4.8,6.8,5,4.8,3.8,6.6,6.9,5.5,5,5.4,6.5,6.3,5.7,4.6,5.9,7.6,5.4,6.4,5.7,5.5,4.2,5.3,4.8,6.2,5.8,6.4,6.3,4.7,6.7,5.4,8.8,6.1,5.9,6.4,4,5.6,6.6,6.1,5,4.3,8,6.7,6.7,5

20030401,5.3,8.2,5.6,5.7,6.7,5.9,5.3,4.4,6.2,4.9,4.8,3.9,6.1,6.3,5,4.5,5,6,6.1,5.3,4.2,5.5,7,4.9,6,5.2,4.7,3.9,5.2,4.3,5.7,5.5,6.1,6.3,4,6.2,5.1,8.6,5.5,5.2,6.3,3.4,5.3,6.5,5.6,4.8,3.9,7.5,6.4,6,4.5

20030501,5.6,7.7,5.6,5.9,6.4,5.8,5.4,3.9,6.5,5.1,4.9,4,5.2,6.4,5.1,4.1,5.2,6.2,6.5,4.8,4.4,5.6,7.2,4.4,6.6,5.6,4.1,3.9,4.9,4.1,5.8,5.6,6,6.4,3.4,6.1,5.7,8.1,5.6,5.1,6.5,3.3,5.3,6.6,5.6,4,4.1,7.3,6.1,5.5,4.1

20030601,6.9,7.9,6.3,6.4,7.2,6.3,5.7,4.6,7.4,5.8,5.7,5,5.2,7.5,5.7,4.6,6,6.8,7.9,4.8,4.9,6.1,8,5.2,7.6,6.3,4.7,4.3,5.4,4.3,6.2,6.7,6.4,7,4,7,6.2,8.6,6,5.2,7.6,3.5,6.4,7.6,6.1,4.2,4.5,7.6,6.5,6.2,4.2

20030701,6.3,7.1,6.1,6.5,7.1,6,5.7,4.5,7.2,5.7,5.4,4.4,5.2,7.1,5.8,4.4,6.2,6.5,7.2,4.8,4.6,5.9,8.3,4.9,6.8,6,4.2,4.2,5.2,4.3,6.4,6.5,6.4,6.8,3.5,6.6,5.6,8.3,5.8,5.6,7.2,3.4,5.9,7.1,5.8,4.1,4.3,7.3,6.1,5.8,3.8

20030801,6.4,6.7,6.2,5.9,6.8,5.8,5.5,4.4,7,5.6,4.9,4.2,5.2,7,5.4,4.4,5.7,5.8,6.9,4.3,4.4,5.7,7.1,4.6,6,5.9,4.3,3.8,4.9,4.2,5.7,6,6.2,6.5,3.4,6,5.4,8,5.5,5.4,7.1,3.4,5.7,6.9,5.7,3.8,4.1,7.3,6,5.5,3.7

20030901,6,6.9,5.9,5.7,6.5,5.6,5.2,4.1,6.8,5.4,4.6,4.6,4.7,6.6,5,4.2,5.5,5.7,6.3,4.5,4.2,5.8,6.9,4.7,5.7,5.6,4.1,3.7,5,4.1,5.7,5.8,6.3,6,2.9,5.8,5.3,7.4,5.1,4.8,7,3.2,5.5,6.7,5.2,4.1,4,6.9,5.3,5,3.6

20031001,6.1,7.2,5.5,5.4,6.5,5.6,5,3.9,6.8,4.9,4.4,4.2,4.8,6.3,4.8,4,5.4,5.4,5.8,4.5,4.1,5.2,6.5,4.4,5.9,5.1,4.3,3.6,4.7,3.9,5.4,5.6,6.2,5.9,2.7,5.5,5.3,7.3,5.1,4.7,6.8,3.1,5.6,6.3,5.1,3.4,3.7,6.6,5.1,4.7,3.6

20031101,6.1,7.8,5.2,5.5,6.7,5.8,5.1,3.5,6.8,4.9,4.3,4.1,5.3,6.3,5,4.1,5.4,5.6,5.6,4.8,4.2,5.3,6.3,4.5,5.4,5.2,4.8,3.5,4.7,4,5.2,5.6,6.3,6.1,3.2,5.6,5.2,7.5,5.2,4.7,6.9,3.4,5.6,6.3,5,3.9,3.7,7.1,5.1,4.9,4.1

20031201,5.7,8,4.9,5.6,6.2,5.7,4.6,3.5,6.6,4.5,4,3.6,5.5,6.2,5,4.5,5.2,5.3,5.4,4.8,4.1,5.2,6.4,4.8,5.6,5.1,5,3.6,4.5,3.9,5,5.4,6.1,5.6,3.5,5.7,5.1,7.4,5,4.8,6.7,3.7,5.2,5.8,4.9,3.8,3.6,7,5.2,4.9,4.2

20040101,6.4,8.8,5.5,6.6,7,6.3,5.7,4.4,7.2,4.9,4.5,3.8,6.6,7,5.9,5.3,6,6.3,6.6,5.6,4.7,6.2,7.5,5.9,6.3,5.9,6,4.5,5.1,4.7,5.9,6.1,7.1,6.3,4.4,6.9,5.7,8.7,6.2,6.3,7.3,4.2,5.8,6.6,5.7,4.8,4.3,7.7,6.3,6,4.9

20040201,6.1,8.9,5.1,6.4,6.7,6.1,5.6,4.4,7.3,4.6,4.2,3.6,6.2,6.8,5.8,5.1,5.9,6.5,5.6,5.6,4.6,5.8,7.4,5.5,5.6,6,5.7,4.3,4.7,4.7,5.7,5.7,6.8,6,4.3,6.7,5.4,8.5,6,6,7,4.1,5.4,6.2,5.7,4.5,4.2,7.5,6.7,6.3,4.5

20040301,5.9,8.5,5.2,6.1,7,6,5.4,4.2,7.4,4.7,4.4,3.6,6.1,6.7,5.9,5,5.8,6.3,5.9,5.4,4.4,5.7,7.8,5.7,5.5,6,5.7,4.1,4.6,4.4,5.6,5.8,6.7,5.9,4.2,6.7,5.2,8.4,6,5.8,6.7,4.2,5.6,6.2,5.6,4.5,4.2,7.2,6.2,6.3,4.3

20040401,5.2,7.8,5.1,5.5,6.3,5.4,4.9,3.9,6.9,4.3,4.2,3.3,5.2,6,5,4.2,5.2,5.4,5.5,4.8,3.9,5.1,6.4,4.6,5.1,5.4,4.8,3.6,4.3,3.8,5,5.3,5.9,5.4,3.4,6.1,4.6,7.5,5.1,5.4,6.3,3.5,4.7,5.7,5,4.1,3.6,6.3,5.6,5.3,3.8

20040501,5.4,7.4,4.9,5.8,5.9,5.3,5,3.5,7.4,4.4,4.5,3.2,4.4,6,5.1,4.1,5.3,5.5,5.9,4.4,4.1,5.1,6.8,4.3,5.9,5.5,4.3,3.7,4.1,3.6,4.7,5.3,5.6,5.5,3,5.9,4.9,7,5.3,5,6.4,3.5,4.6,5.7,5,3.4,3.8,6.1,5.3,4.9,3.6

20040601,6.1,7.6,5.4,6.1,6.4,5.7,5.2,4.2,8.3,5,5.3,3.9,4.5,6.5,5.3,4.5,5.6,5.7,7,4.3,4.6,5.5,7.4,4.9,6.8,6.2,4.8,4,4.4,3.7,5,6.2,5.8,5.9,3.7,6.5,5.4,7.4,5.7,5,7.3,3.7,5.4,6.4,5.4,3.6,4.2,6.2,5.6,5.3,3.7

20040701,6,6.5,5.4,6.1,6.4,5.4,5.2,4.1,8.4,5,5.2,3.3,4.3,6.3,5.5,4.2,5.7,5.6,6.4,4.3,4.5,5.3,8,4.6,6.7,6.4,4.3,4,4.4,3.6,5.2,5.9,5.8,5.6,3.2,6.4,4.7,7.2,5.6,5.5,7,3.6,5.3,6.2,5.2,3.4,4,5.9,5.1,4.9,3.4

20040801,5.9,6.2,5.3,5.4,5.9,5.2,4.9,4.1,8.2,4.8,5,3.2,4.4,6.1,5.1,4.4,5.5,4.9,5.9,3.9,4.2,4.8,6.7,4.4,6.2,6.2,4.3,3.7,4.1,3.5,4.5,5.5,5.3,5.2,3.1,6,4.4,7.1,5.4,5.2,6.9,3.6,5.4,5.8,5.1,3.2,3.8,5.8,5.1,4.6,3.3

20040901,5.6,6.5,4.9,5.2,5.6,5,4.6,4,8.3,4.7,4.8,3.4,4.1,5.7,4.8,4.3,5.3,4.6,5.7,4.1,4,4.9,6.5,4.3,6.2,5.8,4.1,3.7,4.1,3.3,4.4,5.2,5.2,4.7,2.7,5.9,4.5,6.4,4.9,4.5,6.7,3.4,5.3,5.7,4.5,3.2,3.5,5.4,4.4,4.1,3.4

20041001,5.5,6.8,4.7,4.9,5.7,5,4.4,3.9,8.2,4.6,4.9,3.2,4.1,5.8,5.1,4.1,5.1,4.5,5.6,4.2,4,4.4,6.5,3.9,6.6,5.5,4.2,3.5,3.8,3.2,4.2,5,5.1,4.9,2.6,6,4.7,6.5,4.9,4.3,6.7,3.4,5.4,5.6,4.4,2.8,3.4,5.4,4.4,4,3.4

20041101,5.2,7.2,4.5,5,5.9,5.2,4.5,3.6,8.1,4.4,5,3.3,4.5,5.8,5.3,4.2,5.1,4.7,5.5,4.6,4.1,4.5,6.7,3.9,6.2,5.7,4.4,3.5,4,3.4,4,5,5.1,5.3,3,6.1,4.6,6.6,5,4.4,6.8,3.6,5.5,5.7,4.2,3.3,3.4,5.8,4.5,4.2,3.7

20041201,4.9,7.3,4.4,5.4,5.7,5.2,4.2,3.6,7.7,4.2,5.1,2.8,4.7,5.8,5.5,4.6,4.9,4.8,5.5,4.7,4,4.5,7,4.2,6.7,5.7,4.6,3.7,4,3.3,3.9,5,5.2,5.2,3.6,6,4.5,6.4,4.9,4.5,6.8,3.9,5.6,5.5,4.1,3.3,3.5,5.9,4.7,4.4,3.7

20050101,5.4,8.1,4.9,6.1,6.2,5.7,5.4,4.6,7.8,4.3,5.3,3.1,5.6,6.4,6.2,5.4,5.8,6.1,6.3,5.6,4.6,5.6,7.5,5.1,7.3,6.3,5.7,4.6,4.6,4.1,4.7,5.7,5.7,5.7,4.3,6.8,5.1,7.2,5.7,6,7.1,4.6,6.3,5.9,4.7,4.2,3.9,6.4,5.8,5.5,4.4

20050201,5.4,8.2,4.7,6,6.1,5.7,5.4,4.5,7.4,4.1,5.6,2.9,5.2,6.6,6.5,5.1,5.6,6.6,5.7,5.8,4.7,5.4,7.8,5,7,6.6,5.4,4.4,4.3,4.2,5.1,5.5,5.7,6,4.2,7.1,5,7.3,5.8,5.7,7.2,4.6,6.4,5.9,4.8,4.1,4,6.6,6.3,5.9,4

20050301,4.6,7.7,4.7,5.3,5.9,5.6,5.1,4.2,7,3.8,5.2,2.8,4.9,6,6,4.8,5.4,6.2,5.4,5.7,4.4,5.1,7.5,5,6.5,6.1,5.2,4.2,4.1,4.1,4.8,5.5,5,5.4,4.2,6.5,4.7,6.9,5.6,5.5,6.4,4.5,6,5.4,4.5,4.1,3.8,6,5.9,5.5,3.9

20050401,3.9,7,4.6,5,5.3,5.1,4.8,3.9,6.2,3.5,5.1,2.7,4.4,5.7,5.3,4.1,4.8,5.6,5.1,5.2,4,4.7,6.6,4.2,6.1,5.3,4.5,3.7,4,3.5,4,5,4.8,5.1,3.5,5.9,4.2,6.5,4.7,4.8,6.1,3.9,5.5,5.2,4.1,3.8,3.5,5.5,5.1,4.8,3.5

20050501,4,6.7,4.4,5.3,5,4.9,5,3.7,6.5,3.5,5.3,2.7,3.7,5.6,5.2,3.9,4.9,5.9,5.6,4.9,4.1,4.6,6.7,3.7,6.7,5.3,4,3.7,3.9,3.4,4,5,4.8,5.2,3.1,5.7,4.6,6,4.9,4.8,6.2,3.9,5.5,5.2,4.1,3.1,3.6,5.4,4.9,4.5,3.5

20050601,5,6.8,4.9,5.5,5.4,5.2,5.1,4.5,6.8,3.9,5.7,3.4,3.7,6,5.4,4.2,5.1,6.2,6.6,4.7,4.5,5,6.9,4,7.4,5.5,4.5,4,4.3,3.6,4.3,5.9,4.8,5.5,3.8,6,5,6.2,5.1,4.9,6.9,3.8,5.9,5.7,4.4,3.4,3.8,5.5,5.3,4.9,3.7

20050701,4.7,6,5,5.7,5.5,5,5.2,4.3,6.3,3.9,5.6,2.9,3.6,5.8,5.4,4,5.3,6.1,6.2,4.7,4.3,4.9,7.4,3.6,6.9,5.4,4,3.9,4.3,3.4,4.7,5.6,5.1,5.6,3.1,5.8,4.5,6.1,5.1,5.4,6.6,3.6,5.5,5.6,4.2,3.3,3.6,5.3,5.1,4.6,3.3

20050801,4.5,5.7,5,5.2,5.1,4.7,5,4.2,5.8,3.7,5.3,2.8,3.5,5.4,5.2,3.9,5,5.6,6.1,4.2,4,4.5,6.2,3.4,6.3,4.9,3.8,3.5,4,3.4,4.2,5.1,4.7,5.1,3.1,5.4,4.4,6,4.8,5.2,6.8,3.6,5.3,5.4,4,3.2,3.5,5.3,5.1,4.3,3.2

20050901,4.3,6,4.8,4.9,5.1,4.6,4.7,4.1,5.8,3.7,5.7,3,3.2,5.4,5.2,3.8,4.8,5.4,10.9,4.4,3.9,4.9,6.2,3.7,9.8,4.9,3.6,3.4,4.1,3.3,4.5,4.8,5,4.9,2.7,5.7,4,5.4,4.5,4.6,6.9,3.3,4.8,5.3,3.9,3.2,3.5,5.2,4.7,4.1,3.2

20051001,4.2,6.4,4.5,4.5,5,4.4,4.4,4.1,5.7,3.4,5.3,2.8,3.1,5.1,5,3.7,4.6,5.4,10.6,4.3,3.8,4.4,5.8,3.4,9.1,4.6,3.6,3.3,3.9,3.2,4.3,4.6,4.8,4.8,2.6,5.3,4,5.4,4.4,4.5,6.9,3.2,5,5,3.7,2.9,3.2,4.9,4.4,3.9,3.3

20051101,4,6.9,4.5,4.6,5.3,4.7,4.5,3.8,5.7,3.5,5.2,2.8,3.6,5.2,5.3,3.8,4.7,5.8,10.3,4.6,3.8,4.7,6.3,3.7,8.7,5.2,3.8,3.3,3.9,3.3,4.7,4.5,5.1,5,2.9,5.6,4,5.7,4.7,4.6,6.9,3.3,5.3,5.3,3.4,3.2,3.3,5.4,4.4,4.4,3.5

20051201,3.9,7.1,4.2,4.9,4.9,4.7,4,3.8,5.5,3,4.9,2.3,3.6,5.1,5.2,4.4,4.3,5.7,6.7,4.5,3.5,4.6,6.4,4,7.9,4.6,4.1,3.6,3.7,3.2,4.6,4.2,4.7,4.5,3.3,5.4,4.1,5.4,4.4,4.7,6.7,3.5,5.1,5,3.3,3.2,3.1,5.1,4.3,4.5,3.5

20060101,4.4,7.9,4.5,5.5,5.3,5.1,5,4.4,5.9,3.1,4.9,2.6,5.3,5.4,5.4,4.7,4.9,6.5,6.1,5.3,3.9,5.5,7.2,5,8,5.2,4.8,3.7,4.3,3.9,5.2,4.4,5.1,4.8,4,5.9,4.3,6.3,5.2,6.1,6.8,3.7,5.7,5.3,3.8,4.3,3.3,5.6,5.2,5.2,4.1

20060201,4.5,7.9,4.4,5.5,5.3,4.9,4.8,4.3,5.9,3.1,4.9,2.5,5,5.4,5.8,4.4,4.8,6.8,4.5,5.4,4,5.4,7.5,4.9,7.5,5.6,4.5,3.5,4.1,3.9,5.4,4.3,5.3,5,4,5.9,4.3,6.3,5.2,5.8,6.8,3.6,5.6,5.3,3.8,4.2,3.4,5.8,5.7,5.8,3.7

20060301,3.9,7.5,4.2,5.1,5.2,4.8,4.5,3.9,5.7,2.9,4.5,2.8,4.6,4.9,5.4,4.1,4.6,6.2,4.3,5.2,3.7,5.2,7.4,4.7,6.2,5,4.4,3.3,4.1,3.7,5.1,4.1,5,4.6,3.9,5.5,4,6,4.8,5.5,6.2,3.5,5.5,5,3.5,4.2,3.2,5.3,5.2,5.6,3.6

20060401,3.5,7,4.1,5,4.9,4.4,4,3.5,5.2,2.8,4.5,2.7,3.9,4.6,5,3.5,4.1,5.6,4.1,4.6,3.6,4.9,6.8,4,5.9,4.4,3.7,3,4.1,3.3,4.9,3.9,4.6,4.5,3.3,5.3,3.7,5.4,4.4,4.8,6.1,2.9,5.2,4.9,3,3.8,2.9,4.8,4.9,4.9,3.2

20060501,3.6,6.6,4,5.2,4.5,4.3,4.2,3.3,5.6,3,4.7,2.7,2.9,4.3,5.1,3.3,4.1,5.6,4.3,4.5,3.9,4.7,6.8,3.3,6.3,4.3,3.2,3,3.9,3.2,4.8,4.1,4.5,4.7,2.9,5.1,4,5,4.6,4.8,6.2,2.9,5.1,4.9,3,3.3,3.1,5,5,4.5,3.1

20060601,4.6,6.5,4.5,5.4,4.9,4.6,4.4,3.8,6.2,3.4,5.1,3.4,3,4.7,5.1,3.6,4.5,5.9,5.1,4.4,4.3,5.1,7.1,3.8,7,4.9,3.6,3.3,4.2,3.4,4.8,5,4.5,5,3.5,5.4,4.3,5.3,4.9,4.8,6.8,3,5.7,5.4,3.3,3.7,3.3,5,5.3,4.9,3.2

20060701,4.6,5.8,4.6,5.7,5.2,4.4,4.7,3.6,6.1,3.6,5.2,2.9,2.9,4.8,5.4,3.4,4.8,6,4.5,4.5,4.3,5,8.1,3.7,7.2,5.1,3.1,3.4,4.2,3.3,5.3,4.8,4.8,5.2,3,5.8,4,5.3,5,5.3,6.6,3,5.8,5.4,3.2,3.6,3.3,5,5.2,4.7,2.9

20060801,4.4,5.5,4.6,5.2,4.9,4.2,4.6,3.6,5.9,3.6,4.9,2.5,3,4.5,5.1,3.6,4.6,5.4,4.5,4,4.1,4.7,7,3.5,6.2,5.2,3,3,4,3.3,4.7,4.4,4.4,5,2.9,5.4,3.9,5.2,4.8,5,6.8,3,5.5,5,3,3.5,3.3,5,5.3,4.5,2.8

20060901,3.9,5.7,4.3,4.9,4.6,3.9,4.2,3.4,6,3.5,4.6,2.6,2.5,4,4.6,3.4,4.2,5.3,4.2,4.1,3.8,4.9,6.7,3.7,6.1,4.8,2.7,2.9,4,3.2,4.5,4.1,4.2,4.6,2.5,5.2,3.9,4.6,4.1,4.4,6.5,2.9,4.9,4.7,2.5,3.5,3.1,4.7,4.7,4.1,2.8

20061001,3.6,6,3.9,4.5,4.5,3.6,3.9,3.3,5.8,3.2,4.5,2.3,2.5,3.6,4.3,3.2,4.1,4.9,4,4.1,3.6,4.3,6.3,3.4,5.9,4.5,2.7,2.8,3.8,3.1,3.9,3.8,3.9,4.4,2.5,4.8,3.9,4.6,3.9,4.2,6.2,2.8,4.4,4.3,2.4,3.1,2.7,4.4,4.3,3.9,2.8

20061101,3.7,6.4,3.8,4.9,4.8,3.8,4,2.9,5.7,3.3,4.4,2.4,3,3.9,4.6,3.4,4,5.2,4.1,4.5,3.6,4.5,6.4,3.7,5.9,4.6,3,2.7,3.9,3.4,4.1,3.7,4.1,4.7,3,5.2,3.9,5.1,4.2,4.3,6.2,2.9,4.6,4.4,2.1,3.5,2.8,5,4.3,4.3,3

20061201,3.7,6.6,3.6,5,4.7,3.7,3.7,2.9,5.5,3.2,4.3,1.9,3.4,4.2,4.6,3.8,3.9,5,3.9,4.4,3.5,4.6,6.7,4.2,6.3,4.6,3.1,2.9,4,3.4,3.9,3.4,4,4.5,3.1,5.2,4,5,4,4.3,6,3.1,4.4,4.1,2.1,3.5,2.8,4.9,4.2,4.5,2.9

20070101,4.3,7.3,4.1,5.9,5.5,4.3,4.8,3.9,5.9,3.6,4.5,2.5,4.5,5.2,5.4,4.5,4.6,6.3,4.9,5.2,4,5.6,7.7,5.4,6.9,5.4,3.9,3.4,4.6,4.2,4.8,4,5,5.1,3.9,6.2,4.6,5.9,5,5.7,6.5,3.6,5.1,4.7,2.7,4.6,3.3,5.5,5.1,5.5,3.5

20070201,4.2,7.3,3.7,5.8,5.4,4.1,4.7,3.9,5.7,3.4,4.3,2.4,4.2,5.2,5.3,4.5,4.6,6.6,4,5.4,3.8,5.2,7.2,5.1,6.6,5.4,3.7,3.4,4.4,4.3,4.7,3.8,4.9,4.9,3.9,5.9,4.6,5.9,4.8,5.5,6.1,3.5,4.9,4.5,2.7,4.5,3.2,5.5,5.7,6,3.2

20070301,3.8,7.1,3.6,5.2,5.2,3.8,4.4,3.7,5.4,3.3,4,2.6,3.8,4.6,4.8,4.2,4.3,5.9,4.1,5.2,3.4,4.8,7,5.1,6,4.9,3.6,2.9,4.3,4.1,4.4,3.7,4.4,4.4,3.9,5.5,4.2,5.6,4.4,5.2,5.3,3.4,4.4,4.1,2.5,4.6,2.9,5,5,5.6,3.2

20070401,3.3,6.5,3.5,5,5,3.4,4,3.4,4.8,3.3,4.1,2.5,3.2,4.6,4.4,3.7,3.9,5.1,4,4.9,3.2,4.5,6.6,4.6,5.6,4.3,3.2,2.6,4.3,3.7,4.2,3.5,4.2,4.5,3.3,5.5,3.9,5.1,3.9,4.7,5.2,2.9,4,4,2.2,4.4,2.7,4.5,4.6,5.2,3

20070501,3.3,6.2,3.4,5.3,4.8,3.3,4.2,3,5.1,3.5,4.1,2.5,2.2,4.5,4.2,3.3,4.1,5.2,4.2,4.6,3.3,4.4,6.7,4.1,6,4.6,2.9,3,4.1,3.4,4.1,3.6,4.2,4.6,2.7,5.2,4.3,4.7,4.2,4.7,5.1,2.7,4,4,2.3,3.7,2.8,4.5,4.4,4.7,2.8

20070601,4.2,6.4,3.8,5.6,5.3,3.8,4.5,3.6,5.8,4.1,4.7,3.3,2.4,5.2,4.5,3.6,4.4,5.4,5.1,4.4,3.7,4.8,7.2,4.6,6.7,5.2,3.6,3.3,4.5,3.5,4.2,4.4,4.5,4.9,3.4,5.8,4.6,5,4.5,4.8,5.9,2.7,4.5,4.6,2.9,3.9,3.1,4.5,4.6,5.1,3

20070701,4.4,5.6,4,5.9,5.7,3.7,4.8,3.4,5.7,4.4,5,2.9,2.5,5.3,4.6,3.3,4.6,5.5,4.7,4.5,3.7,4.7,8,4.4,6.7,5.5,3.4,3.3,4.6,3.3,4.7,4.2,4.9,5.1,2.9,5.8,4.2,5.1,4.7,5.5,5.8,2.6,4.6,4.7,2.8,3.8,3.1,4.6,4.5,4.9,2.7

20070801,4.3,5.4,4.1,5.2,5.4,3.6,4.6,3.2,5.5,4.5,4.6,2.8,2.6,5.1,4.4,3.4,4.3,5,4.4,4,3.4,4.3,6.9,4.3,5.6,5.4,3.4,2.9,4.5,3.3,4.1,3.7,4.5,4.7,2.8,5.4,3.9,5,4.5,5.4,5.7,2.6,4.6,4.3,2.8,3.7,3.1,4.5,4.6,4.7,2.5

20070901,4,5.6,4,5.1,5.3,3.5,4.4,3.2,5.7,4.5,4.7,3.1,2.4,4.9,4.2,3.4,4.2,5,4.1,4.2,3.3,4.5,6.8,4.4,5.9,5.2,3.3,2.8,4.6,3.1,4.1,3.6,4.5,4.5,2.5,5.4,3.9,4.6,4.1,5,5.6,2.5,4.8,4.3,2.5,3.8,3,4.3,4.2,4.3,2.4

20071001,3.8,5.8,3.9,4.7,5.4,3.5,4.4,3.4,5.6,4.4,4.7,2.9,2.5,4.8,4,3.3,4.1,4.8,3.8,4.3,3.3,4,6.7,4,5.7,5,3.6,2.8,4.5,3,3.9,3.5,4.4,4.5,2.3,5.2,3.8,4.8,4.1,5,5.6,2.4,4.8,4,2.5,3.4,2.9,4.2,4,4.1,2.4

20071101,3.9,6.3,4,4.8,5.6,3.8,4.5,3.2,5.6,4.4,4.6,3.1,3,4.8,4.3,3.3,4,4.7,3.7,4.6,3.1,4.1,6.5,4,5.3,5,3.9,2.9,4.6,3.2,4,3.5,4.4,4.6,2.6,5.1,3.6,4.9,4.1,5.2,5.4,2.5,5,4.1,2.3,3.8,3,4.6,4,4.2,2.6

20071201,4.3,6.5,4.2,5.2,5.9,4,4.4,3.4,5.5,4.7,5,2.9,3.7,5.4,4.7,3.8,4.1,5.3,4.1,4.7,3.1,4.4,7.1,4.8,6.1,5.4,4.2,2.6,4.9,3.2,4.3,3.5,4.8,4.9,3.2,5.6,3.6,5.2,4.4,5.6,5.8,2.7,5.4,4.2,2.6,3.9,3.3,4.8,4.3,4.5,2.5

20080101,4.8,7.4,4.7,5.7,6.4,4.6,5.4,4.4,6.1,5,5.3,3.2,4.1,6,5.3,4.5,4.6,5.9,4.8,5.7,3.6,5.4,7.7,5.5,6.5,5.8,5.2,3.5,5.6,4.1,5.1,4.1,5.5,5.3,3.8,6.2,3.8,6,5.4,7.2,6,3.1,5.9,4.6,3.3,5,3.7,5.3,5.1,5.2,3.7

20080201,4.9,7.6,4.5,5.4,6.3,4.6,5.4,4.4,5.9,4.8,5.3,3.1,4,5.9,5.3,4.4,4.4,6.2,3.9,5.8,3.5,5.2,7.4,5.3,5.9,5.8,5.3,3.4,5.6,4.2,5.1,3.9,5.4,5.3,3.7,5.9,3.5,6.1,5.3,7.2,5.7,3.1,5.8,4.3,3.5,4.9,3.6,5.5,5.4,5.5,3.4

20080301,4.7,7.3,4.7,5,6.6,4.6,5.3,4.2,5.8,5,5.2,3.2,3.9,5.7,5.4,4.2,4.4,6.1,4.2,5.7,3.4,5,7.6,5.5,5.8,5.8,5.3,3.3,5.6,4.2,5,4,5.2,5.2,3.7,6,3.3,6,5.1,7.2,5.4,3.1,5.9,4.2,3.4,5.1,3.6,5.2,5,5.2,3.4

20080401,4,6.9,4.7,4.7,6.1,4.2,4.8,4,5.2,4.8,5,3.5,5.1,5.2,4.6,3.8,3.8,5.4,3.6,5.3,3.2,4.6,6.7,5,5.1,4.7,4.7,3,5.8,3.7,4.5,3.7,4.6,4.9,3.1,5.3,2.9,5.5,4.4,6.9,5.2,2.8,5.3,3.9,3,5,3.2,4.7,4.4,4.5,3

20080501,4.9,6.6,5.4,5.1,6.4,4.3,5.3,4,5.8,5.5,5.6,3.7,4.7,6,5.2,3.6,4.3,5.9,4.3,5.1,3.8,5,7.8,4.9,6.5,5.6,4.3,3.1,5.8,3.5,4.9,3.9,4.9,5.5,2.7,5.9,3.5,5.3,4.9,7.1,5.8,2.7,6.1,4.4,3.1,4.2,3.7,5,4.3,4.3,2.7

20080601,5.9,6.7,6.1,5.4,7,4.9,5.6,4.8,6.5,6.2,6.1,4.7,5,6.7,5.7,4,4.6,6.5,5.4,5,4.3,5.6,8.1,5.4,7.1,5.9,5,3.5,6.4,3.6,5.1,4.9,5.1,5.9,3.4,6.5,4,5.9,5.3,7.3,6.6,2.8,6.8,5,3.7,4.5,4,5.2,4.3,4.8,3

20080701,6,6,6.6,5.6,7.6,5,6,4.9,6.6,6.8,6.5,4.4,5,6.6,6.1,4,4.9,6.5,5.2,5.1,4.4,5.7,8.9,5.4,7.5,6.5,4.6,3.5,6.7,3.6,5.6,4.9,5.4,6.3,3.1,7,3.7,6.3,5.5,8.1,6.9,2.8,7,5.2,3.7,4.4,4.1,5.2,3.9,4.7,2.7

20080801,6.2,5.8,7.2,5.4,7.8,4.9,6.2,5.2,6.5,7.2,6.6,4.5,5.2,6.7,6.2,4.2,5,6.6,5.5,4.8,4.6,5.6,8.3,5.4,6.7,6.8,4.7,3.2,7,3.7,5.4,4.7,5.5,6.3,3,6.8,3.8,6.5,5.6,8.2,7.5,3,7,5.2,3.8,4.3,4.2,5.4,3.9,4.7,2.6

20080901,5.9,5.9,7.2,5.4,7.7,4.9,6,5.4,6.8,7.1,6.7,5.1,5.1,6.2,5.7,4,4.7,6.6,5.7,5.1,4.5,5.9,7.9,5.4,6.9,6.4,4.7,3.2,7.2,3.6,5.4,4.6,5.5,5.9,2.6,6.5,3.7,6.4,5,8,7.5,2.9,6.9,5.1,3.4,4.5,4,5.1,3.6,4.3,2.5

20081001,6.3,6.3,7.2,5.4,8,5,6,5.8,7.1,7.3,7.2,5.1,5.4,6.4,6.2,4,4.7,6.5,5.4,5.4,4.8,5.7,8,5.2,6.8,6.3,5.1,3.3,7.6,3.5,5.5,4.6,5.6,6,2.5,6.5,4,7.2,5.3,8.2,7.8,3,6.9,5.1,3.5,4.1,4,5.4,3.7,4.5,2.7

20081101,6.7,6.8,7.4,5.9,8.4,5.3,6.1,5.9,7.5,7.6,7.3,5.6,6.5,6.6,6.8,4.4,4.8,6.8,5.3,6.2,5,6.1,8.2,5.7,6.4,6.7,5.7,3.3,8.2,4,5.8,4.9,5.9,7.9,2.9,6.9,4.1,8.2,5.7,8.7,8,3.4,7.2,5.2,3.6,4.9,4.3,6,4,5.2,3.2

20081201,7.6,7,7.8,6.6,9,5.6,6.1,6.3,7.7,8.1,8.1,5.6,7,7.6,8.1,5.4,5,7.9,5.5,6.8,5.4,6.6,9.2,6.6,7.6,7.4,6.2,3.7,9,4.5,6.6,5.2,6.5,8.7,3.5,7.7,4.5,9.1,6.3,9.2,9.1,3.9,8.1,5.5,5.1,5.3,4.9,6.6,4.7,6,3.7

20090101,9.7,8,8.5,8,10.2,6.6,7.3,7.8,8.3,9,9,6.4,8.7,8.8,9.7,6.8,6.2,10,6.7,8.4,6.5,7.9,12.1,7.9,8.7,8.9,7.7,4.7,10,5.9,8,6.5,7.8,10.2,4.9,9.6,5.5,11.1,7.8,11.1,10.6,5,9.8,6.4,6.6,6.8,6.1,7.9,6.5,7.7,5.2

20090201,10.5,8.3,8.6,8.1,10.6,6.9,7.5,8.2,8.5,9.5,9.5,6.7,8.8,9.7,10.4,6.9,6.3,10.7,6.1,8.9,6.8,7.9,12.8,8.3,8.9,9.5,7.7,4.5,10.2,6.3,8.6,6.7,8.3,10.7,5.1,10.2,5.8,12.1,8.2,11.3,11,5.2,10.5,6.5,7.2,7.1,6.4,8.5,7.5,8.8,5.5

20090301,10.4,8.3,8.9,7.8,10.9,7.1,7.5,8.2,8.5,9.7,9.4,7,8.8,9.8,10.7,7,6.5,10.7,6.2,9.1,6.8,7.8,13.3,8.5,8.8,9.3,7.9,4.7,10.5,6.7,8.8,7.3,8.2,10.5,5,10.3,6,12.6,8.2,11.4,10.9,5.6,10.9,6.5,7.3,7.6,6.6,8.5,7.7,9.3,6.3

20090401,9.9,7.9,8.9,7.5,10.4,6.8,7.4,8.1,8.2,9.5,9,7.1,7.6,9.6,9.9,6.3,6.5,10,5.8,8.5,6.5,7.3,12.8,7.8,8.5,8.2,7,4.6,10.6,6.5,8.5,7.2,7.7,10.1,4.4,9.9,5.7,12.1,7.4,11.1,10.7,5.2,10.2,6.1,7,7.5,6.2,8.3,7.8,8.7,6.8

20090501,10.6,7.7,9.3,7.9,10.6,7,7.6,8,8.8,10.1,9.5,7.2,8.7,9.9,10.4,6.2,6.9,10.6,6.5,8.3,6.9,7.7,14.2,7.6,9.4,9,6.4,4.6,10.8,6.4,8.8,7.6,8,10.6,3.9,10.2,6.5,11.6,8,11,11.1,4.9,10.6,7.3,7.2,6.8,6.7,8.7,8,8.5,6.5

20090601,11.9,7.9,10.1,8.1,11.3,7.7,8,8.6,9.6,10.8,10.5,7.9,9.1,10.7,10.8,6.6,7.2,11,7.8,8.1,7.3,8.3,15.3,8.2,9.9,9.7,6.7,4.8,11.5,6.5,9.3,8.7,8.4,10.8,4.5,10.9,6.8,11.7,8.4,10.9,11.9,4.9,11.3,8.5,7.8,6.9,7,9.2,8.4,9,6.7

20090701,11.8,7.1,10.6,8.2,11.7,7.5,8.3,8.4,9.6,11,10.5,7.4,8.9,10.9,10.5,6.4,7.9,10.8,7.5,7.8,7.2,8.4,15.4,7.9,9.9,9.7,6.2,4.9,11.7,6.3,9.7,8.4,8.5,10.8,3.9,10.7,6.4,11.3,8.5,11.4,11.6,4.7,11,8.6,7.7,6.6,6.8,9.2,8,8.8,6.3

20090801,11.9,6.9,11,7.7,11.5,7.4,8.4,8.4,9.8,11.1,10.3,7.3,8.8,10.6,10.3,6.4,7.3,10.4,7.4,7.3,7.2,8.2,14.1,7.7,9.4,9.7,6.2,4.7,11.7,6.2,9.3,8,8.5,10.6,3.8,10.3,6.6,11,8.4,11.2,11.5,4.7,10.7,8.4,7.7,6.2,6.9,9.6,8,8.6,6.1

20090901,11.5,7.2,11,7.6,11.4,7.3,8.3,8.4,10.1,11.1,10.3,7.6,8.6,10.4,10,5.9,7.2,10.1,7.1,7.4,7.1,8.6,13.7,7.5,9.8,9.4,6,4.6,12,6.1,9.5,7.6,8.6,10.4,3.3,10.3,6.8,10.3,7.9,10.7,11.5,4.4,10.4,8.3,7.3,6,6.9,9.7,7.5,8.1,6

20091001,11.7,7.6,11,7.6,11.6,7.4,8.3,8.4,10.1,11.1,10.5,7.2,8.5,10.6,10.2,6,6.9,10,7,7.3,7.2,8.2,13.6,7.1,10,9.2,6.2,4.4,12,5.8,9.4,7.5,8.7,10.6,3.2,10.3,6.9,10.3,7.9,10.6,11.5,4.5,10.2,8.1,7.3,5.5,6.8,9.7,7.6,8.2,6.3

20091101,11.1,8,10.7,7.6,11.7,7.7,8.3,8.3,10,10.9,10.2,7.2,9,10.4,10.1,5.9,6.6,9.8,6.7,7.9,7.2,8.3,13.1,7.2,9.7,9.3,6.7,4.3,12.1,6,9.3,7.5,8.5,10.6,3.6,10.3,6.6,10.3,7.8,10.6,11.3,4.7,9.9,8,7.2,6,6.8,9.9,7.6,8.3,6.7

20091201,11.4,8,10.6,8.1,11.8,8,8.3,8.4,9.8,11.1,10.4,6.8,9.6,11,10.7,6.5,6.8,10.1,7,8.1,7.3,8.5,13.5,7.5,10.7,9.4,7.4,4.7,12.5,6,9.5,7.4,8.8,11,4.1,10.8,6.7,10.8,8.1,10.7,11.5,5.3,10.3,8,7.6,6.1,7.2,10.5,8.1,8.9,7.5

20100101,12.3,8.9,11.1,9,12.7,8.9,9.5,9.3,10.2,11.5,10.9,7.2,10.5,12.2,11.8,7.3,7.7,11.5,8.2,9.2,8.1,9.6,14.4,8.5,11.7,10.3,8.4,5.4,13.5,7,10.3,8.1,9.6,12,4.8,12,7.6,11.9,9.5,12.1,12.4,5.9,11.2,8.6,8.4,7,7.9,11.3,9.4,10.1,8.1

20100201,12.1,9.1,10.7,9,12.6,8.9,9.5,9.4,9.9,11.2,10.9,6.9,10.4,11.9,11.8,7.1,7.5,11.9,7.2,9.5,8.3,9.2,14.2,8.4,11.3,10.5,8.4,5.3,13.5,6.9,10.3,8.1,9.5,12,4.8,11.9,7.6,11.9,9.5,11.9,12.1,5.9,10.8,8.4,8.3,6.9,7.9,11.2,10,10.4,7.8

20100301,11.5,8.9,10.4,8.3,12.6,9.1,9.2,9,9.5,11,10.4,6.9,10,11.5,11.6,6.9,7.5,11,7.3,9.2,8.1,8.9,14.1,8.6,10.8,10.2,8.4,5.2,13.6,6.7,10.1,8.2,9.1,11.5,4.8,11.4,7,11.9,9.2,11.7,11.5,5.9,10.6,8.3,8.4,7,7.7,10.9,9.3,10.3,7.6

20100401,10.4,8.3,10.1,7.8,12,8.5,8.9,8.5,8.7,10.6,9.9,6.7,9.4,10.5,10.6,5.9,6.9,10,7.1,8.5,7.3,8.3,12.9,7.5,9.8,9.3,7.5,4.6,13.4,5.9,9.4,7.9,8.5,10.9,3.8,10.4,6.5,11,8.3,11.2,10.9,4.9,9.6,7.9,7.8,6.6,7,10,8.4,9,7

20100501,9.9,7.8,10,8,11.7,8.5,8.9,8.1,8.9,10.5,10.1,6.7,8.3,10.1,10.3,5.6,6.8,10,7.6,8.1,7.4,8.2,12.6,7,10.4,9.1,6.8,4.5,13.3,5.6,9.2,8.1,8.2,10.9,3.4,9.9,6.8,10.4,8.6,11.2,10.7,4.8,9.3,7.9,7.8,5.9,7.1,9.9,8.3,8.5,6.5

20100601,10.5,7.8,10.5,8.1,12,8.9,9.1,8.6,9.5,11,10.6,7.5,8.5,10.4,10.4,5.9,7.1,10,8.6,7.9,7.7,8.4,12.7,7.3,10.6,9.5,7.2,4.9,13.5,5.7,9.3,9,8.4,10.9,4.1,10.2,7,10.6,8.6,10.9,11.2,4.7,9.5,8.4,8.2,6.1,7.2,9.8,8.4,8.7,6.2

20100701,10.2,7,10.8,8.4,12.6,8.8,9.3,8.4,9.4,11.4,10.7,7.1,8.3,10.6,10.3,5.6,7.4,10.1,8.4,7.8,7.8,8.3,13.5,7.3,10.8,9.8,6.7,4.7,13.7,5.6,9.8,8.8,8.6,10.8,3.6,10.1,6.7,10.4,8.7,11.4,11,4.6,9.3,8.4,8,5.9,7.1,9.5,8.3,8.5,5.6

20100801,10.1,6.8,10.8,8.1,12.3,8.6,9.3,8.3,9.4,11.5,10.8,7,8.4,10.1,10.1,5.8,7.2,9.8,8.7,7.2,7.7,7.9,12.3,7.1,9.6,9.7,6.5,4.4,13.5,5.5,9.3,8.4,8.4,10.5,3.5,9.8,6.6,10.2,8.5,11.3,11.2,4.7,9.3,8.2,8,5.6,7.1,9.6,8.6,8.2,5.6

20100901,9.8,7,10.4,7.9,11.9,8.4,9,8.1,9.4,11.1,10.5,7.1,8,9.4,9.5,5.5,6.8,9.6,8.2,7.2,7.4,8,11.5,6.9,9.8,9.2,6.4,4.2,13.7,5.3,9.2,8,8.2,10,3,9.5,6.5,9.7,7.7,10.7,10.7,4.4,9,8,7.4,5.6,6.8,9.3,8.1,7.5,5.3

20101001,9.9,7.3,10,7.6,11.9,8.4,8.9,8,9.4,10.9,10.5,6.9,8.1,9.3,9.3,5.3,6.7,9.4,8.1,7.3,7.3,7.5,11.1,6.6,9.7,9,6.6,4.1,13.4,5.2,9,7.7,8.2,9.9,2.8,9.3,6.5,9.7,7.6,10.6,10.5,4.3,9,7.8,7.3,5.1,6.6,9.1,8,7.4,5.5

20101101,10,7.7,10,7.9,12.3,8.9,9,7.7,9.4,11.1,10.7,6.9,8.7,9.4,9.6,5.4,6.7,9.7,8.1,7.9,7.4,7.7,10.9,6.7,9.8,9.3,7.1,4.1,13.6,5.3,9.2,7.6,8.4,10.5,3.2,9.4,6.5,10.1,7.9,10.7,10.9,4.6,9.3,8.1,7.1,5.7,6.7,9.8,8.3,7.7,6.1

20101201,9.8,8,9.6,8.2,12.1,8.8,8.7,7.6,9.3,10.7,10.6,6.4,9,9.3,9.2,5.9,6.4,9.5,7.9,8,7.2,7.6,10.9,7,10.3,9.2,7.6,4.3,13.6,5.3,9.1,7.3,8.2,10.3,3.7,9.2,6.3,10,7.7,10.8,10.8,5.1,9.2,7.8,7.3,5.7,6.7,9.6,8.6,7.7,6.2

20110101,11,8.7,10,9.5,12.6,9.2,9.8,8.5,9.9,10.8,10.8,6.9,10.1,10.1,10,6.7,7.4,10.7,8.8,9.1,7.8,8.5,11.5,7.7,10.5,9.8,8.6,5.1,13.9,6,10,7.9,9,10.9,4.4,10.2,6.6,10.7,8.6,12,11.3,5.8,10.1,8.3,7.9,6.6,7.1,10.5,9.6,8.8,7.2

20110201,10.5,8.8,9.5,9.2,12.2,9.1,9.6,8.3,10,10.4,10.4,6.7,9.8,9.9,9.6,6.4,7.2,10.6,7.9,9.3,7.6,8.1,11.1,7.5,10.4,9.7,8.3,4.9,13.6,5.9,9.9,7.6,8.8,10.6,4.3,9.8,6.4,10.4,8.3,11.7,11,5.8,9.8,8,7.9,6.2,6.9,10.4,9.6,9.1,6.9

20110301,9.9,8.4,9.3,8.6,12.1,8.9,9.3,7.9,10,10.1,10,6.6,9.6,9.5,9.2,6.1,6.9,10,7.8,9,7.3,7.7,11,7.4,9.8,9.2,8.1,4.8,13.4,5.7,9.7,7.3,8.2,10.2,4.2,9.2,5.8,10.2,8,11.5,10.3,5.8,9.5,7.7,7.5,6.2,6.6,9.9,8.9,8.8,6.6

20110401,9.4,7.9,9.2,8.1,11.5,8.4,8.8,7.5,9.6,9.7,9.7,6.5,8.8,9.1,8.4,5.3,6.3,9.1,7.4,8.5,6.9,7.2,10,6.6,9.3,8.2,7.2,4.3,13.2,5.2,9.1,7,7.8,9.9,3.6,8.5,5.3,9.5,7.3,10.7,10,4.9,9,7.4,7,6,6.2,9.1,8,7.9,6.2

20110501,9.6,7.4,9,8.3,11.3,8.4,8.9,7.1,10.1,9.9,10,6.7,7.9,9.3,8.7,5.2,6.4,9.4,7.7,8,7.1,7.1,10.5,6.3,10.2,8.4,6.6,4.3,12.9,5.1,9.2,7.1,7.8,10.1,3.1,8.7,5.7,9.1,7.7,10.7,10.3,4.6,8.9,7.6,6.8,5.3,6.4,9.3,7.8,7.7,5.7

20110601,10.6,7.6,10.5,8.6,12,8.3,9,7.7,10.9,10.5,10.8,7.4,7.9,10.2,9.3,5.6,6.7,9.7,8.7,7.7,7.6,7.6,11.2,6.8,10.9,8.8,7,4.7,13.2,5.4,9.5,8.1,8.2,10.8,3.8,9.4,6.2,9.6,8.4,10.5,11.1,4.6,9.6,8.4,7,5.3,6.9,9.4,8.1,8.2,5.5

20110701,10.4,6.8,10.4,8.7,12.2,8.1,9.1,7.6,10.7,10.7,10.7,6.9,7.8,10.4,9.4,5.2,6.8,9.8,8.2,7.4,7.5,7.4,11.8,7.1,10.6,8.6,6.5,4.6,13.1,5.3,9.7,8,8.4,10.7,3.3,9.4,5.9,9.5,8.5,11.1,10.8,4.3,9.1,8.3,6.8,5.3,6.7,9.1,7.7,7.8,5.1

20110801,10,6.6,10.1,8.1,11.9,8.1,8.9,7.5,10.5,10.3,10.6,6.9,7.8,10.3,9.4,5.4,6.6,9.1,8.1,6.9,7.4,6.9,10.6,6.2,9.8,8.8,6.3,4.3,13.1,5.4,9.2,7.8,8.2,10.7,3.4,8.9,5.9,9.4,8.3,11,11,4.4,9.1,8,6.7,5,6.9,9,7.9,7.5,5

20110901,9.5,6.7,9.7,7.9,11.5,7.9,8.4,7.3,10.4,9.9,10.4,7.1,7.4,9.8,9,5.2,6.2,9.1,7.7,7,7.2,7.1,10,5.9,9.9,8.1,6,4.1,12.9,5.2,9.2,7.6,8.3,10.2,2.9,8.6,5.8,8.8,7.7,10.6,10.7,4.1,8.9,7.9,6.1,5.2,6.7,8.7,7.5,7,5

20111001,8.9,7,9.2,7.5,11.3,7.8,8.2,7.2,10.1,9.5,10.1,6.9,7.2,9.6,8.9,5,6,8.6,7.5,7,7,6.5,9.4,5.4,9.8,7.6,6.1,4,12.5,5.1,9,7.4,8.2,9.9,2.7,8.2,5.9,8.9,7.5,10.8,10.3,3.9,8.3,7.5,5.9,4.8,6.4,8.6,7.2,6.7,5.2

20111101,8,7.4,8.6,7.4,11,8,8,6.7,10,9.1,9.5,6.9,7.9,9,8.7,5,5.7,8.3,6.9,7.5,6.8,6.4,8.5,5.3,9.1,7.2,6.3,3.7,12.3,5.2,8.8,7.3,8.2,9.6,3,7.6,5.6,8.9,7.3,10.9,10,4.2,7.8,7.1,5.6,5,6.1,8.7,7.1,6.7,5.6

20111201,7.9,7.8,8.5,7.8,11,8.1,7.7,6.7,9.7,9,9.7,6.4,7.9,9.2,8.7,5.5,5.7,8.4,7,7.6,6.8,6.6,9,5.7,9.4,7.3,6.5,4.2,12.3,5.2,8.9,7.2,8.4,9.7,3.3,7.7,5.6,9.1,7.4,10.9,9.9,4.5,7.8,6.9,5.6,4.8,6.2,8.8,7.3,6.9,5.7

20120101,8.3,8.3,8.8,8.6,11.4,8.6,8.7,7.6,10.1,9,9.8,6.8,8.9,9.7,9.2,6.1,6.4,9.1,8,8.7,7.3,7.4,9.8,6.6,10,7.6,7.4,4.5,12.3,6,9.6,7.8,9.2,10,4,8.6,5.9,9.9,8.3,12.2,10.1,5.1,8.4,7.3,6.2,5.9,6.6,9.4,8.1,7.8,6.5

20120201,8.4,8.3,8.5,8.2,11.3,8.7,8.6,7.6,9.8,8.8,9.7,6.5,8.6,9.6,9,6,6.3,9,7.3,8.9,7.3,7.2,9.6,6.5,9.3,8,7.1,4.5,11.9,6.1,9.8,7.4,9.4,9.9,3.8,8.3,5.6,9.8,8.2,11.8,10,5,8.2,7.1,6.3,5.5,6.6,9.4,8.3,8.2,6.1

20120301,7.9,8,8.2,7.7,11,8.5,8.5,7.3,9.4,8.5,9.3,6.5,8.3,9,8.6,5.5,6.1,8.5,7.2,8.6,7,6.8,9.4,6.4,8.6,7.6,7,4.2,11.7,5.8,9.5,7.2,8.9,9.3,3.8,7.8,5.1,9.7,7.8,11.4,9.3,5,7.9,6.8,6,5.4,6.2,8.9,7.8,7.9,5.9

20120401,7.2,7.5,8,7.1,10.3,8,8.1,7.1,8.6,8.1,8.9,6.2,7.6,8.3,7.7,4.8,5.6,7.5,6.7,8,6.5,6.3,8.3,5.4,8,6.5,6.2,3.9,11.4,5.3,9.2,6.6,8.2,8.7,3.1,6.9,4.6,8.9,7,10.5,8.8,4.2,7.3,6.4,5.4,5.3,5.7,8,7.3,7,5.5

20120501,7.8,7.1,8.2,7.4,10.2,7.8,8.3,6.8,8.7,8.4,9,6.1,6.8,8.6,8,4.7,5.6,8,7.2,7.6,6.9,6.3,9.1,5.3,9,6.7,5.6,3.9,11.1,5.3,9.2,6.7,8.4,9.1,2.7,6.9,5.1,8.4,7.7,10.3,9.1,4.2,7.7,6.7,5.3,4.8,6,8.2,7.4,7,5.1

20120601,9,7.2,8.9,7.7,10.6,8.2,8.6,7.4,9.2,9,9.7,6.8,6.9,9.4,8.5,5,6,8.4,8.3,7.3,7.3,6.9,9.7,5.8,9.8,7,6.1,4.2,11.3,5.5,9.6,7.8,8.7,9.7,3.3,7.6,5.5,8.8,8.3,10.1,9.8,4.2,8.5,7.3,5.7,5,6.4,8.2,7.7,7.5,5.2

20120701,9.1,6.4,9.1,8.1,10.9,7.8,8.9,7.4,9,9.2,9.8,6.1,6.8,9.6,8.6,4.9,6.2,8.6,7.8,7.1,7.3,6.9,10.7,5.8,9.9,7.5,5.5,4.3,11.3,5.5,9.9,7.7,8.9,9.8,2.9,7.8,5.4,8.9,8.6,10.5,9.7,4.1,8.5,7.3,5.5,4.9,6.4,8.2,7.6,7.3,4.9

20120801,8.6,6.1,8.9,7.5,10.4,7.7,8.8,7.4,8.9,9,9.3,5.7,6.7,9.2,8.4,4.9,5.9,8.2,7.4,6.5,7.1,6.6,9.4,5.5,8.9,7.2,5.4,3.9,11,5.4,9.3,7.2,8.5,9.5,2.8,7.2,5.3,8.7,8.4,10.2,9.4,4.1,8.1,6.9,5.4,4.7,6.2,7.9,7.6,6.9,4.8

20120901,7.6,6.2,8.2,7.2,9.6,7.2,8.2,7.2,8.9,8.3,8.7,5.8,6.3,8.3,7.7,4.6,5.3,7.8,6.6,6.5,6.7,6.6,8.4,5,8.7,6.3,5.1,3.6,10.7,5.3,8.9,6.8,8,8.6,2.5,6.7,5.1,8,7.5,9.6,8.6,3.9,7.4,6.4,4.8,4.7,5.8,7.3,7,6.1,4.7

20121001,7.5,6.4,8,7,9.7,7.2,8.1,7.1,8.7,8.1,8.8,5.5,6.3,8.5,7.9,4.5,5.3,7.5,6.5,6.6,6.7,6.2,8.4,4.8,8.8,6.3,5.3,3.6,10.4,5.2,8.9,6.7,8,8.8,2.4,6.8,5.2,8.2,7.5,9.5,8.6,3.7,7.4,6.3,4.9,4.2,5.6,7.2,6.9,6,4.8

20121101,6.9,6.8,7.5,6.9,9.5,7.3,7.9,6.7,8.7,7.8,8.3,5.3,6.8,8.4,8,4.6,5.1,7.4,5.9,7,6.6,6.2,7.9,4.7,8,6.2,5.5,3.5,10.3,5.3,9,6.7,7.7,8.7,2.7,6.7,5.1,8.3,7.2,9.5,8.2,3.9,7.1,6.1,4.6,4.5,5.4,7.3,7,6.2,5.2

20121201,7.2,7.2,7.7,7.4,9.6,7.4,7.6,6.8,8.6,7.9,8.7,4.8,6.8,9.1,8.5,5,5.2,7.8,6.5,7.2,6.7,6.5,8.7,5.2,9,6.6,5.8,3.9,10.4,5.3,8.8,6.7,8.1,9,3.1,7.3,5.2,8.5,7.6,9.2,8.6,4,7.6,6.2,4.8,4.4,5.6,7.6,7.3,6.6,5.2

20130101,8.2,7.9,8.1,8.5,10.2,8,8.6,7.8,9.1,8.3,9.1,5.2,7.7,10.4,9.5,6,6.1,8.9,7.9,8.2,7.4,7.6,10.1,6.3,10.1,7.6,6.8,4.4,10.8,6.1,9.6,7.4,9.1,9.6,3.9,8.8,5.8,9.4,8.8,10.5,9.1,4.6,8.7,6.9,5.5,5.3,6.4,8.3,8.2,7.9,6.1

20130201,7.9,7.9,7.6,8,9.7,7.8,8.5,7.7,8.9,7.7,8.6,4.9,7.5,9.9,9,5.6,5.8,8.8,6.9,8.2,7.1,7.2,9.4,5.9,9.3,7.5,6.4,4.3,10.4,5.9,9.2,7.1,8.7,9,3.7,8.3,5.6,9.1,8.2,10,8.6,4.6,8.3,6.5,5.4,4.9,6,8.1,8.1,7.9,5.6

20130301,7.1,7.5,7.6,7.4,9.4,7.5,8.1,7.3,8.6,7.3,8.2,4.8,7.1,9.2,8.4,5.3,5.7,8.5,6.8,7.8,6.8,7,9,5.7,8.5,7,6.3,4,10.1,5.7,8.7,6.7,8,8.3,3.7,7.6,5.1,8.7,7.7,9.8,7.7,4.4,8,6.2,5,4.8,5.7,7.4,7.3,7.6,5.4

20130401,6.3,7.1,7.4,7.1,8.7,7,7.6,7,8.1,7,7.9,4.7,6.6,8.6,7.5,4.8,5.1,7.7,6.6,7.2,6.4,6.6,8.1,5.1,7.9,6.1,5.5,3.8,9.8,5.1,8.2,6.4,7.4,7.8,3.2,6.9,4.8,8,7,9,7.4,3.9,7.6,6,4.5,4.7,5.3,6.8,6.6,7.1,5.1

20130501,6.7,6.8,7.5,7.4,8.6,6.8,7.8,6.6,8.3,7.2,8.2,4.6,5.7,8.8,7.8,4.5,5.3,8.1,7,6.7,6.7,6.6,8.8,4.7,8.9,6.6,4.9,3.8,9.6,4.9,8.3,6.5,7.5,8.1,2.6,7.2,5.3,7.6,7.3,9,7.7,3.6,7.8,6.2,4.5,4.2,5.7,6.9,6.3,6.5,4.4

20130601,7.7,7.1,8.3,7.7,9.2,7.3,7.9,7.1,8.9,7.7,8.9,5.3,5.9,9.7,8.1,4.8,5.7,8.6,8,6.4,7.1,7.3,9.6,5.1,9.5,7.1,5.5,4.1,9.8,5,8.5,7.7,7.8,8.6,3.1,8,5.7,8,7.8,8.9,8.3,3.6,8.5,6.8,5,4.5,6.1,7.1,6.7,7.1,4.5

20130701,7.7,6.2,8.3,7.8,9.3,6.8,8.1,6.8,8.8,7.7,8.8,4.8,5.9,9.5,7.7,4.5,5.9,8.4,7.3,6.2,6.8,7,10.2,4.9,9,7.3,5,4.1,9.7,4.9,8.6,7.5,7.8,8.3,2.6,7.8,5.3,7.9,7.8,9.4,7.9,3.4,8.1,6.6,4.8,4.4,5.9,6.9,6.5,6.7,4.2

20130801,7.6,6,8.4,7.2,8.9,6.5,7.9,6.6,8.6,7.6,8.2,4.7,5.8,9.1,7.3,4.5,5.5,7.9,7,5.7,6.5,6.6,8.9,4.6,8.2,7,4.8,3.6,9.4,4.8,7.9,7.1,7.6,7.8,2.6,7.3,5.2,7.6,7.5,9.3,7.7,3.5,7.9,6.3,4.6,4.1,5.8,6.8,6.5,6.3,4

20130901,7.2,6.2,7.9,6.9,8.5,6.1,7.4,6.3,8.6,7.2,7.9,5,5.4,8.6,6.8,4.3,4.9,7.8,6.5,5.7,6.3,6.6,8.3,4.4,8.2,6.3,4.5,3.4,9.2,4.7,7.8,6.9,7.4,7.2,2.2,7.2,5.2,6.9,6.9,8.9,7.3,3.4,7.6,6.1,4.1,4.3,5.6,6.4,6,5.9,4

20131001,7,6.6,7.7,6.7,8.5,6.1,7.3,6.1,8.6,7,8,5,5.3,8.7,6.9,4.1,4.8,7.7,6.2,5.6,6.5,6.2,8.4,4.1,8.4,6,4.9,3.3,8.9,4.6,7.6,6.9,7.4,7.2,2,7.2,5.4,7.2,6.8,8.8,7.1,3.2,7.5,6,4.1,3.7,5.6,6.5,6.1,5.9,4.2

20131101,6.7,6.9,7.2,6.5,8.3,6,6.9,5.7,8,6.6,7.3,4.9,5.6,8.3,6.6,4.1,4.5,7.4,5.5,6.1,6,6,7.6,4,7.5,5.9,5.1,3.1,8.6,4.7,7,6.8,7,6.9,2.4,6.8,5.1,7.2,6.5,8.8,6.5,3.5,6.8,5.7,3.8,4.1,5.2,6.6,6.2,6,4.5

20131201,6.6,7,7,6.8,8,5.9,6.7,5.7,7.6,6.3,7.3,4.4,5.4,8.3,6.3,4.4,4.4,7.1,5,6,5.8,5.9,7.6,4.5,7.8,6.2,5.4,3.4,8.6,4.5,6.8,6.6,6.7,6.5,2.8,6.4,5,7.1,6.2,8.7,6.2,3.6,6.5,5.4,3.8,3.8,5.1,6.6,6.4,6,4.6

20140101,7.6,7.8,7.2,7.5,8.5,6.4,7.5,6.6,8.1,6.6,7.4,4.7,6.2,8.9,6.6,5.3,5.2,8.1,5.7,7,6.3,6.8,8.4,5.5,8.7,7.1,6.1,3.9,8.9,5.2,7.6,7.2,7.4,6.9,3.5,7.4,5.3,7.9,6.9,9.9,6.5,4.2,6.8,5.7,4.4,4.7,5.6,7,7.6,6.4,5.2

20140201,7.8,8,6.9,7.2,8.4,6.3,7.5,6.5,8.1,6.6,7.5,4.6,5.9,8.9,6.9,5.1,5.2,8.4,5.3,7.1,6.3,6.5,8.5,5.4,8.2,7.7,5.8,3.8,8.6,5.1,7.7,7,7.5,6.9,3.4,7.2,5.2,8,6.8,9.4,6.4,4.1,6.9,5.7,4.5,4.3,5.7,7.2,8.1,6.8,4.9

20140301,7.5,7.6,6.9,6.6,8.3,6.1,7.3,6.2,7.8,6.6,7.3,4.4,5.7,8.2,6.6,4.8,5,7.9,5.6,6.7,6.1,6.2,8.4,5.3,7.9,7.2,5.7,3.9,8.5,4.9,7.4,6.9,7.1,6.7,3.4,6.5,4.8,7.8,6.6,9,5.9,4.1,6.8,5.4,4.1,4.3,5.5,6.7,7.5,6.6,4.7

20140401,6.2,7.2,6.3,5.8,7.3,5.4,6.4,5.8,7.2,6,6.7,4.4,5,6.8,5.5,4.1,4.3,6.5,5.1,6.2,5.5,5.5,6.9,4.3,6.8,5.7,4.7,3.2,8,4.4,6.4,6.4,6.1,5.9,2.8,5.2,4.1,6.8,5.4,7.9,5.3,3.5,5.9,4.8,3.4,4.3,4.8,5.7,6.6,5.6,4.3

20140501,6.6,6.8,6.6,6.1,7.2,4.9,6.6,5.6,7.3,6.3,7.2,4.3,4.4,6.9,5.9,3.9,4.6,6.8,6.1,5.7,5.8,5.5,7.6,3.9,7.9,6.2,4.2,3.2,7.8,4.2,6.5,6.5,6.2,6.4,2.4,5.5,4.5,6.5,6,7.7,5.9,3.3,6.3,5,3.6,3.7,5.3,6,6.5,5.4,4

20140601,7.4,7.1,7.1,6.2,7.4,5.1,6.6,6.1,7.9,6.4,7.6,5,4.6,7.1,5.9,4.1,4.8,6.7,7,5.3,6.1,6,7.6,4.2,8.3,6.4,4.6,3.5,8,4.2,6.6,7.5,6.2,6.5,2.9,5.9,4.8,6.7,6.1,7.3,6.6,3.2,7,5.5,4.1,3.9,5.4,5.8,6.6,5.6,4.1

20140701,7.6,6.3,7.3,6.5,7.9,4.8,6.9,5.9,8.1,6.8,8,4.4,4.6,7.3,6.1,4,5.1,6.7,7.2,5.2,6.1,6,8.5,4.1,8.4,6.6,4.2,3.7,8,4.1,7.1,7.4,6.5,6.8,2.5,6.2,4.5,7,6.5,7.7,6.9,3,7.3,5.6,4,4,5.5,6,6.5,5.5,3.8

20140801,7.2,6.1,7.4,5.9,7.6,4.6,6.7,5.8,8.1,6.8,7.6,4.2,4.7,6.9,5.9,4.1,4.7,6,7.4,4.7,6,5.7,7.3,3.7,7.3,6.2,4.1,3.1,7.7,4.1,6.7,6.9,6.2,6.7,2.4,5.6,4.4,6.8,6.1,7.4,7.2,3.1,7,5.3,4,3.8,5.5,6,6.6,5.1,3.7

20140901,6.3,6.2,6.9,5.6,7,4.1,6.2,5.5,7.9,6.3,6.9,4.3,4.2,6.2,5.3,3.8,4.2,5.4,7,4.8,5.5,5.7,6.6,3.5,7,5.6,3.8,2.8,7.5,3.8,6.5,6.6,5.8,5.8,2.1,5.2,4.2,6.1,5.2,6.8,6.8,3,6.4,4.9,3.5,4,5.1,5.6,5.9,4.6,3.6

20141001,6,6.2,6.6,5.2,6.9,4,6.1,5.2,7.7,6,6.6,4.1,4,6.1,5.4,3.6,4,5,6.9,4.7,5.4,5,6.3,3.1,6.9,5,4,2.7,7.3,3.7,6.2,6.3,5.6,5.7,2,4.9,4.1,6.2,5,6.5,6.6,2.8,6.1,4.6,3.5,3.4,4.8,5.6,5.8,4.4,3.6

20141101,5.8,6.5,6.3,5.3,6.9,4.1,6,4.7,7.6,5.9,6.3,4.1,4.5,6,5.7,3.6,3.9,5.1,6.8,5.2,5.4,5,5.7,3.3,6.4,5.1,4.4,2.5,7.2,3.8,6.1,6.3,5.8,5.7,2.3,5,4.1,6.2,5,6.5,6.5,3.3,6,4.5,3.3,3.7,4.7,6,5.9,4.5,4.2

20141201,5.6,6.6,6.2,5.6,6.6,4.2,5.6,4.6,7.3,5.6,6.1,3.7,4.4,5.8,5.5,4.1,3.9,4.9,6.5,5.1,5.2,4.9,5.6,3.7,6.9,5.1,4.4,2.8,7.2,3.7,6,6,5.5,5.4,2.6,4.9,3.9,5.9,4.9,6.2,6.4,3.5,5.8,4.2,3.3,3.6,4.6,5.9,6,4.5,3.8

20150101,6.4,7.2,6.6,6.5,7.2,4.8,6.6,5.5,7.8,5.9,6.5,4.1,5.2,6.8,6.1,4.8,4.8,6.1,7.3,5.9,5.9,5.8,6.7,4.7,7.4,6,5.3,3.4,7.5,4.4,6.9,6.7,6.4,6,3.4,6,4.4,6.4,6,7.5,6.9,4,6.6,4.7,3.9,4.4,5.1,6.5,7.4,5.4,4.6

20150201,6.2,7.4,6.2,6.1,6.9,4.7,6.5,5.3,7.6,5.6,6.3,3.9,4.9,6.5,5.6,4.4,4.6,5.8,6.5,5.8,5.7,5.5,6.1,4.5,6.6,6.1,4.9,3.2,7.2,4.3,6.8,6.7,6.3,5.9,3.4,5.6,4.3,6.3,5.7,7.2,6.6,3.8,6,4.4,4,4,5,6.3,7.9,5.5,4.4

20150301,5.9,7.1,6,5.7,6.7,4.6,6.1,5.1,7.1,5.4,5.9,3.8,4.7,6,5.2,4.1,4.5,5.6,6.4,5.4,5.4,5.2,5.9,4.4,6.1,5.8,4.8,3.1,7,4,6.5,6.6,5.7,5.6,3.4,5.2,4.1,6.1,5.5,6.9,6,3.8,5.8,4.3,3.8,4,4.8,5.8,7.6,5.3,4.5

20150401,5.5,6.6,5.9,5.2,6.2,4,5.7,4.8,6.5,5.2,5.7,3.6,4.3,5.4,4.5,3.5,4.3,4.9,6.1,4.8,4.9,4.7,5.1,3.6,5.7,5.1,4,2.8,6.9,3.5,5.7,6.2,5.3,5.5,2.8,4.6,3.9,5.6,4.8,5.9,5.8,3.1,5.4,4.1,3.4,3.8,4.3,5.2,7.1,4.5,4.1

20150501,6.1,6.3,6,5.4,6.1,4,5.6,4.6,6.6,5.5,6.1,3.6,3.8,5.7,4.9,3.5,4.3,5.4,6.4,4.4,5.2,4.9,5.9,3.5,6.8,5.3,3.6,2.9,6.6,3.3,5.8,6.4,5.3,6,2.5,4.8,4.5,5.6,5.5,6,6,3.1,5.8,4.3,3.6,3.4,4.7,5.6,6.9,4.6,4.1

20150601,6.6,6.6,6.4,5.5,6.2,4.2,5.6,5.2,7.1,5.6,6.3,4.1,4,6,4.8,3.7,4.5,5.5,6.9,4.2,5.4,5.2,5.8,3.8,7.1,5.2,4.1,3.2,7,3.4,5.6,7.4,5.2,6.1,3,5,4.8,5.8,5.5,5.7,6.3,3.1,6.2,4.7,3.9,3.7,4.6,5.4,7.2,4.8,4.2

20150701,6.7,5.8,6.6,5.6,6.5,3.9,5.8,5,7.1,5.8,6.3,3.5,3.9,6.2,4.7,3.5,4.7,5.8,6.6,4,5.4,5.2,6.4,3.7,6.9,5.4,3.7,3.4,7,3.3,6,7.2,5.4,6.3,2.6,5,4.4,6,5.8,6,6.1,2.9,6.1,4.8,3.8,3.7,4.5,5.5,7,4.6,3.9

20150801,6.5,5.6,6.7,4.9,6.1,3.5,5.6,5,6.9,5.6,5.9,3.5,3.9,5.8,4.5,3.5,4.3,5,6.4,3.5,5.2,4.7,5.2,3.3,6,4.9,3.6,3,6.7,3.1,5.3,6.7,5,5.9,2.5,4.4,4.2,5.7,5.3,5.8,5.9,2.9,5.7,4.6,3.7,3.6,4.4,5.4,6.7,4.2,3.8

20150901,5.9,5.8,6.2,4.6,5.6,3.2,5.1,4.8,6.8,5.3,5.6,3.7,3.6,5.3,4.1,3.2,3.7,4.9,6,3.5,5,4.9,4.6,3.2,6.1,4.3,3.4,2.8,6.6,3,5.1,6.4,4.8,5.4,2.1,4.3,4.1,5.2,4.6,5.1,5.7,2.7,5.5,4.5,3.2,3.7,4.1,5.2,5.9,4,3.7

20151001,5.8,6.2,6,4.3,5.8,3.2,5,4.7,6.7,5.1,5.6,3.4,3.5,5.6,4.3,3.1,3.7,4.8,5.9,3.5,5,4.5,4.7,3,6.2,4,3.7,2.7,6.3,2.9,4.8,6.3,4.7,5.4,1.9,4.3,4.2,5.3,4.4,5.1,5.6,2.5,5.3,4.4,3.2,3,4,5.3,5.6,3.9,3.9

20151101,5.7,6.5,5.6,4.3,5.8,3.3,5,4.3,6.6,5,5.2,3.3,3.9,5.8,4.5,3.1,3.6,5.3,5.4,3.9,4.8,4.5,4.2,3.1,6.2,3.9,4.1,2.5,6.2,3,4.5,6.3,4.8,5.4,2.3,4.5,4.1,5.3,4.4,5.2,5.3,2.8,5.3,4.4,3,3.4,3.9,5.7,5.7,4.2,4.4

20151201,5.9,6.7,5.5,4.6,5.7,3.3,4.9,4.3,6.3,4.8,5.1,2.9,3.9,6,4.5,3.6,3.6,5.5,5,3.9,4.7,4.6,4.5,3.7,7.1,3.9,4.3,2.9,6.1,2.9,4.3,6.2,4.7,5.3,2.8,4.6,4,5.2,4.1,5.1,5.4,3,5.3,4.2,3.1,3.1,3.9,5.9,5.9,4.2,4.6

20160101,6.3,7.3,5.3,4.7,5.8,3.2,6,5.1,6.6,5.1,5.4,3.2,4.7,7.1,5.1,4.5,4.4,6.2,6.3,4.6,4.9,4.9,5.1,4.5,7,4.7,5.1,3.4,6.5,3.2,4.7,6.5,5.4,5.7,3.7,5.7,4.3,5.1,5.2,6.3,5.6,3.2,4.9,4.4,3.7,4,4.4,6.5,7.4,5.2,5.8

20160201,6.4,7.7,5.2,4.7,5.7,3.3,6,4.8,6.9,4.7,5.6,3.1,4.5,7,5.4,4.5,4.2,6.3,5.8,4.5,4.9,4.7,5,4.4,6.2,5,5.1,3.3,5.7,3.1,4.8,6.3,5.4,5.7,3.7,5.6,4.6,5.2,5.3,6.3,5.6,3.2,4.5,4.3,3.8,3.7,4.2,6.3,7.8,5.5,5.6

20160301,6.1,7.3,5.1,4,5.6,3.5,6.2,4.4,6.3,4.7,5.4,3.2,4.2,6.8,5.5,4.3,4,5.9,6.1,4.2,4.8,4.6,5.1,4.6,5.6,4.8,5,3.2,5.9,3,5,6.1,5.2,5.4,4,5.4,4.5,4.9,5.5,6,5.6,2.9,4.1,4.5,3.8,3.5,4.2,6,7.2,5,5.7

20160401,5.4,6.9,5.4,3.4,5.2,3.5,5.6,4,5.5,4.5,5,3.1,3.6,6.2,4.8,3.6,3.4,4.7,5.8,3.8,4.4,3.8,4.3,3.8,5,4.2,3.9,3,6.1,2.6,4.9,5.8,4.6,5,3.2,4.8,4.2,4.5,5.2,4.9,5.2,2.6,3.9,4.2,3.8,3,3.4,5.6,6.2,4.3,5.8

20160501,5.7,6.6,5.5,3.8,4.7,3.6,5.4,3.9,5.2,4.4,4.7,3.1,3.3,5.6,4.3,3.4,3.6,5,6.1,3.5,4.1,3.8,4.5,3.3,6.1,4,3.6,2.8,6.2,2.6,4.9,6,4.2,4.7,2.9,4.6,4.8,4.3,5.5,5.3,4.8,2.6,3.8,4.2,3.8,2.8,3.6,5.5,5.8,3.8,5.4

20160601,6.5,6.7,6.2,4.2,5.7,4,5.9,4.7,6.1,4.9,5.5,3.9,3.6,6,4.6,4.1,4.4,5.4,7,3.7,4.5,4.3,4.9,4,6.8,4.9,4.2,3.3,6.8,2.8,4.9,7,4.5,5.1,3.5,4.9,5.3,5.3,5.6,5.1,5.6,2.8,5,4.8,4.2,3.4,4,5.5,6.1,4.4,5.6

20160701,5.8,6.1,6.3,4.3,5.9,3.6,5.6,4.5,6.2,5.1,5.4,3.4,3.6,5.6,4.4,4,4.9,5.2,6.9,3.7,4.6,4,5.4,3.7,6.5,5.2,3.9,3.5,6.5,2.9,5.6,7.1,5,5,2.8,4.8,5.2,5.7,6.1,5.6,5.4,2.5,4.9,5.1,3.9,3.4,4,5.7,5.5,4.1,5.2

