state,rate
Alabama,7.237554585
Alaska,7.948034934
Arizona,6.236681223
Arkansas,6.597598253
California,7.317030568
Colorado,5.458515284
Connecticut,5.425545852
Delaware,5.296724891
District of Columbia,7.609825328
Florida,6.151746725
Georgia,6.009825328
Hawaii,4.8
Idaho,6.09628821
Illinois,7.005676856
Indiana,6.284716157
Iowa,4.691266376
Kansas,4.737117904
Kentucky,6.902620087
Louisiana,7.36768559
Maine,5.805240175
Maryland,5.292139738
Massachusetts,5.45371179
Michigan,8.015502183
Minnesota,4.877292576
Mississippi,7.659388646
Missouri,6.022489083
Montana,5.83209607
Nebraska,3.561353712
Nevada,6.5569869
New Hampshire,4.302183406
New Jersey,6.200218341
New Mexico,6.682969432
New York,6.466593886
North Carolina,5.83930131
North Dakota,3.899781659
Ohio,6.738427948
Oklahoma,5.162663755
Oregon,7.168777293
Pennsylvania,6.426855895
Rhode Island,6.523144105
South Carolina,6.602183406
South Dakota,3.742139738
Tennessee,6.495851528
Texas,6.098689956
Utah,4.892139738
Vermont,4.598908297
Virginia,4.742576419
Washington,7.001528384
West Virginia,8.249344978
Wisconsin,5.622925764
Wyoming,4.999344978